Puntos turísticos;Establecimientos y personal empleado (plazas);Periodo;Total
18134 Monachil;Grado de ocupación por plazas;2026M02;54,40
18134 Monachil;Grado de ocupación por plazas;2026M01;62,36
18134 Monachil;Grado de ocupación por plazas;2025M12;45,11
18134 Monachil;Grado de ocupación por plazas;2025M11;.
18134 Monachil;Grado de ocupación por plazas;2025M10;.
18134 Monachil;Grado de ocupación por plazas;2025M09;.
18134 Monachil;Grado de ocupación por plazas;2025M08;.
18134 Monachil;Grado de ocupación por plazas;2025M07;.
18134 Monachil;Grado de ocupación por plazas;2025M06;.
18134 Monachil;Grado de ocupación por plazas;2025M05;.
18134 Monachil;Grado de ocupación por plazas;2025M04;42,33
18134 Monachil;Grado de ocupación por plazas;2025M03;60,42
18134 Monachil;Grado de ocupación por plazas;2025M02;64,70
18134 Monachil;Grado de ocupación por plazas;2025M01;50,77
18134 Monachil;Grado de ocupación por plazas;2024M12;.
18134 Monachil;Grado de ocupación por plazas;2024M11;.
18134 Monachil;Grado de ocupación por plazas;2024M10;.
18134 Monachil;Grado de ocupación por plazas;2024M09;.
18134 Monachil;Grado de ocupación por plazas;2024M08;.
18134 Monachil;Grado de ocupación por plazas;2024M07;.
18134 Monachil;Grado de ocupación por plazas;2024M06;.
18134 Monachil;Grado de ocupación por plazas;2024M05;.
18134 Monachil;Grado de ocupación por plazas;2024M04;38,28
18134 Monachil;Grado de ocupación por plazas;2024M03;49,45
18134 Monachil;Grado de ocupación por plazas;2024M02;61,01
18134 Monachil;Grado de ocupación por plazas;2024M01;51,99
18134 Monachil;Grado de ocupación por plazas;2023M12;""
18134 Monachil;Grado de ocupación por plazas;2023M11;""
18134 Monachil;Grado de ocupación por plazas;2023M10;""
18134 Monachil;Grado de ocupación por plazas;2023M09;""
18134 Monachil;Grado de ocupación por plazas;2023M08;""
18134 Monachil;Grado de ocupación por plazas;2023M07;""
18134 Monachil;Grado de ocupación por plazas;2023M06;""
18134 Monachil;Grado de ocupación por plazas;2023M05;""
18134 Monachil;Grado de ocupación por plazas;2023M04;""
18134 Monachil;Grado de ocupación por plazas;2023M03;""
18134 Monachil;Grado de ocupación por plazas;2023M02;""
18134 Monachil;Grado de ocupación por plazas;2023M01;""
18134 Monachil;Grado de ocupación por plazas;2022M12;""
18134 Monachil;Grado de ocupación por plazas;2022M11;""
18134 Monachil;Grado de ocupación por plazas;2022M10;""
18134 Monachil;Grado de ocupación por plazas;2022M09;""
18134 Monachil;Grado de ocupación por plazas;2022M08;""
18134 Monachil;Grado de ocupación por plazas;2022M07;""
18134 Monachil;Grado de ocupación por plazas;2022M06;""
18134 Monachil;Grado de ocupación por plazas;2022M05;""
18134 Monachil;Grado de ocupación por plazas;2022M04;""
18134 Monachil;Grado de ocupación por plazas;2022M03;""
18134 Monachil;Grado de ocupación por plazas;2022M02;""
18134 Monachil;Grado de ocupación por plazas;2022M01;""
18134 Monachil;Grado de ocupación por plazas;2021M12;""
18134 Monachil;Grado de ocupación por plazas;2021M11;""
18134 Monachil;Grado de ocupación por plazas;2021M10;""
18134 Monachil;Grado de ocupación por plazas;2021M09;""
18134 Monachil;Grado de ocupación por plazas;2021M08;""
18134 Monachil;Grado de ocupación por plazas;2021M07;""
18134 Monachil;Grado de ocupación por plazas;2021M06;""
18134 Monachil;Grado de ocupación por plazas;2021M05;""
18134 Monachil;Grado de ocupación por plazas;2021M04;""
18134 Monachil;Grado de ocupación por plazas;2021M03;""
18134 Monachil;Grado de ocupación por plazas;2021M02;""
18134 Monachil;Grado de ocupación por plazas;2021M01;""
18134 Monachil;Grado de ocupación por plazas;2020M12;""
18134 Monachil;Grado de ocupación por plazas;2020M11;""
18134 Monachil;Grado de ocupación por plazas;2020M10;""
18134 Monachil;Grado de ocupación por plazas;2020M09;""
18134 Monachil;Grado de ocupación por plazas;2020M08;""
18134 Monachil;Grado de ocupación por plazas;2020M07;""
18134 Monachil;Grado de ocupación por plazas;2020M06;""
18134 Monachil;Grado de ocupación por plazas;2020M05;""
18134 Monachil;Grado de ocupación por plazas;2020M04;""
18134 Monachil;Grado de ocupación por plazas;2020M03;""
18134 Monachil;Grado de ocupación por plazas;2020M02;""
18134 Monachil;Grado de ocupación por plazas;2020M01;""
18134 Monachil;Grado de ocupación por plazas;2019M12;""
18134 Monachil;Grado de ocupación por plazas;2019M11;""
18134 Monachil;Grado de ocupación por plazas;2019M10;""
18134 Monachil;Grado de ocupación por plazas;2019M09;""
18134 Monachil;Grado de ocupación por plazas;2019M08;""
18134 Monachil;Grado de ocupación por plazas;2019M07;""
18134 Monachil;Grado de ocupación por plazas;2019M06;""
18134 Monachil;Grado de ocupación por plazas;2019M05;""
18134 Monachil;Grado de ocupación por plazas;2019M04;""
18134 Monachil;Grado de ocupación por plazas;2019M03;""
18134 Monachil;Grado de ocupación por plazas;2019M02;""
18134 Monachil;Grado de ocupación por plazas;2019M01;""
18134 Monachil;Grado de ocupación por plazas;2018M12;""
18134 Monachil;Grado de ocupación por plazas;2018M11;""
18134 Monachil;Grado de ocupación por plazas;2018M10;""
18134 Monachil;Grado de ocupación por plazas;2018M09;""
18134 Monachil;Grado de ocupación por plazas;2018M08;""
18134 Monachil;Grado de ocupación por plazas;2018M07;""
18134 Monachil;Grado de ocupación por plazas;2018M06;""
18134 Monachil;Grado de ocupación por plazas;2018M05;""
18134 Monachil;Grado de ocupación por plazas;2018M04;""
18134 Monachil;Grado de ocupación por plazas;2018M03;""
18134 Monachil;Grado de ocupación por plazas;2018M02;""
18134 Monachil;Grado de ocupación por plazas;2018M01;""
22054 Benasque;Grado de ocupación por plazas;2026M02;77,68
22054 Benasque;Grado de ocupación por plazas;2026M01;69,48
22054 Benasque;Grado de ocupación por plazas;2025M12;43,29
22054 Benasque;Grado de ocupación por plazas;2025M11;.
22054 Benasque;Grado de ocupación por plazas;2025M10;34,87
22054 Benasque;Grado de ocupación por plazas;2025M09;47,25
22054 Benasque;Grado de ocupación por plazas;2025M08;63,15
22054 Benasque;Grado de ocupación por plazas;2025M07;50,53
22054 Benasque;Grado de ocupación por plazas;2025M06;46,52
22054 Benasque;Grado de ocupación por plazas;2025M05;.
22054 Benasque;Grado de ocupación por plazas;2025M04;32,16
22054 Benasque;Grado de ocupación por plazas;2025M03;54,13
22054 Benasque;Grado de ocupación por plazas;2025M02;71,18
22054 Benasque;Grado de ocupación por plazas;2025M01;55,12
22054 Benasque;Grado de ocupación por plazas;2024M12;52,18
22054 Benasque;Grado de ocupación por plazas;2024M11;.
22054 Benasque;Grado de ocupación por plazas;2024M10;.
22054 Benasque;Grado de ocupación por plazas;2024M09;41,11
22054 Benasque;Grado de ocupación por plazas;2024M08;70,01
22054 Benasque;Grado de ocupación por plazas;2024M07;55,06
22054 Benasque;Grado de ocupación por plazas;2024M06;38,17
22054 Benasque;Grado de ocupación por plazas;2024M05;.
22054 Benasque;Grado de ocupación por plazas;2024M04;.
22054 Benasque;Grado de ocupación por plazas;2024M03;60,54
22054 Benasque;Grado de ocupación por plazas;2024M02;60,82
22054 Benasque;Grado de ocupación por plazas;2024M01;54,30
22054 Benasque;Grado de ocupación por plazas;2023M12;41,07
22054 Benasque;Grado de ocupación por plazas;2023M11;.
22054 Benasque;Grado de ocupación por plazas;2023M10;42,18
22054 Benasque;Grado de ocupación por plazas;2023M09;48,34
22054 Benasque;Grado de ocupación por plazas;2023M08;69,15
22054 Benasque;Grado de ocupación por plazas;2023M07;52,31
22054 Benasque;Grado de ocupación por plazas;2023M06;54,89
22054 Benasque;Grado de ocupación por plazas;2023M05;.
22054 Benasque;Grado de ocupación por plazas;2023M04;34,78
22054 Benasque;Grado de ocupación por plazas;2023M03;49,64
22054 Benasque;Grado de ocupación por plazas;2023M02;72,34
22054 Benasque;Grado de ocupación por plazas;2023M01;59,35
22054 Benasque;Grado de ocupación por plazas;2022M12;45,07
22054 Benasque;Grado de ocupación por plazas;2022M11;.
22054 Benasque;Grado de ocupación por plazas;2022M10;35,18
22054 Benasque;Grado de ocupación por plazas;2022M09;46,88
22054 Benasque;Grado de ocupación por plazas;2022M08;76,46
22054 Benasque;Grado de ocupación por plazas;2022M07;51,61
22054 Benasque;Grado de ocupación por plazas;2022M06;40,21
22054 Benasque;Grado de ocupación por plazas;2022M05;.
22054 Benasque;Grado de ocupación por plazas;2022M04;40,95
22054 Benasque;Grado de ocupación por plazas;2022M03;55,52
22054 Benasque;Grado de ocupación por plazas;2022M02;71,66
22054 Benasque;Grado de ocupación por plazas;2022M01;64,43
22054 Benasque;Grado de ocupación por plazas;2021M12;45,24
22054 Benasque;Grado de ocupación por plazas;2021M11;.
22054 Benasque;Grado de ocupación por plazas;2021M10;38,08
22054 Benasque;Grado de ocupación por plazas;2021M09;44,67
22054 Benasque;Grado de ocupación por plazas;2021M08;77,82
22054 Benasque;Grado de ocupación por plazas;2021M07;57,92
22054 Benasque;Grado de ocupación por plazas;2021M06;40,79
22054 Benasque;Grado de ocupación por plazas;2021M05;.
22054 Benasque;Grado de ocupación por plazas;2021M04;15,76
22054 Benasque;Grado de ocupación por plazas;2021M03;11,36
22054 Benasque;Grado de ocupación por plazas;2021M02;23,77
22054 Benasque;Grado de ocupación por plazas;2021M01;8,95
22054 Benasque;Grado de ocupación por plazas;2020M12;11,06
22054 Benasque;Grado de ocupación por plazas;2020M11;.
22054 Benasque;Grado de ocupación por plazas;2020M10;22,54
22054 Benasque;Grado de ocupación por plazas;2020M09;43,55
22054 Benasque;Grado de ocupación por plazas;2020M08;69,18
22054 Benasque;Grado de ocupación por plazas;2020M07;40,78
22054 Benasque;Grado de ocupación por plazas;2020M06;.
22054 Benasque;Grado de ocupación por plazas;2020M05;.
22054 Benasque;Grado de ocupación por plazas;2020M04;0,00
22054 Benasque;Grado de ocupación por plazas;2020M03;49,33
22054 Benasque;Grado de ocupación por plazas;2020M02;75,84
22054 Benasque;Grado de ocupación por plazas;2020M01;68,88
22054 Benasque;Grado de ocupación por plazas;2019M12;53,88
22054 Benasque;Grado de ocupación por plazas;2019M11;.
22054 Benasque;Grado de ocupación por plazas;2019M10;31,85
22054 Benasque;Grado de ocupación por plazas;2019M09;39,66
22054 Benasque;Grado de ocupación por plazas;2019M08;71,68
22054 Benasque;Grado de ocupación por plazas;2019M07;51,69
22054 Benasque;Grado de ocupación por plazas;2019M06;38,56
22054 Benasque;Grado de ocupación por plazas;2019M05;.
22054 Benasque;Grado de ocupación por plazas;2019M04;25,34
22054 Benasque;Grado de ocupación por plazas;2019M03;55,16
22054 Benasque;Grado de ocupación por plazas;2019M02;74,89
22054 Benasque;Grado de ocupación por plazas;2019M01;64,41
22054 Benasque;Grado de ocupación por plazas;2018M12;58,02
22054 Benasque;Grado de ocupación por plazas;2018M11;.
22054 Benasque;Grado de ocupación por plazas;2018M10;32,86
22054 Benasque;Grado de ocupación por plazas;2018M09;40,41
22054 Benasque;Grado de ocupación por plazas;2018M08;69,86
22054 Benasque;Grado de ocupación por plazas;2018M07;52,61
22054 Benasque;Grado de ocupación por plazas;2018M06;33,83
22054 Benasque;Grado de ocupación por plazas;2018M05;.
22054 Benasque;Grado de ocupación por plazas;2018M04;44,73
22054 Benasque;Grado de ocupación por plazas;2018M03;60,95
22054 Benasque;Grado de ocupación por plazas;2018M02;75,78
22054 Benasque;Grado de ocupación por plazas;2018M01;61,99
22125 Huesca;Grado de ocupación por plazas;2026M02;39,21
22125 Huesca;Grado de ocupación por plazas;2026M01;.
22125 Huesca;Grado de ocupación por plazas;2025M12;.
22125 Huesca;Grado de ocupación por plazas;2025M11;41,70
22125 Huesca;Grado de ocupación por plazas;2025M10;.
22125 Huesca;Grado de ocupación por plazas;2025M09;58,82
22125 Huesca;Grado de ocupación por plazas;2025M08;67,38
22125 Huesca;Grado de ocupación por plazas;2025M07;.
22125 Huesca;Grado de ocupación por plazas;2025M06;44,48
22125 Huesca;Grado de ocupación por plazas;2025M05;54,55
22125 Huesca;Grado de ocupación por plazas;2025M04;.
22125 Huesca;Grado de ocupación por plazas;2025M03;.
22125 Huesca;Grado de ocupación por plazas;2025M02;.
22125 Huesca;Grado de ocupación por plazas;2025M01;.
22125 Huesca;Grado de ocupación por plazas;2024M12;45,93
22125 Huesca;Grado de ocupación por plazas;2024M11;42,70
22125 Huesca;Grado de ocupación por plazas;2024M10;52,44
22125 Huesca;Grado de ocupación por plazas;2024M09;56,20
22125 Huesca;Grado de ocupación por plazas;2024M08;61,28
22125 Huesca;Grado de ocupación por plazas;2024M07;55,26
22125 Huesca;Grado de ocupación por plazas;2024M06;47,62
22125 Huesca;Grado de ocupación por plazas;2024M05;53,50
22125 Huesca;Grado de ocupación por plazas;2024M04;52,79
22125 Huesca;Grado de ocupación por plazas;2024M03;48,47
22125 Huesca;Grado de ocupación por plazas;2024M02;43,18
22125 Huesca;Grado de ocupación por plazas;2024M01;38,05
22125 Huesca;Grado de ocupación por plazas;2023M12;""
22125 Huesca;Grado de ocupación por plazas;2023M11;""
22125 Huesca;Grado de ocupación por plazas;2023M10;""
22125 Huesca;Grado de ocupación por plazas;2023M09;""
22125 Huesca;Grado de ocupación por plazas;2023M08;""
22125 Huesca;Grado de ocupación por plazas;2023M07;""
22125 Huesca;Grado de ocupación por plazas;2023M06;""
22125 Huesca;Grado de ocupación por plazas;2023M05;""
22125 Huesca;Grado de ocupación por plazas;2023M04;""
22125 Huesca;Grado de ocupación por plazas;2023M03;""
22125 Huesca;Grado de ocupación por plazas;2023M02;""
22125 Huesca;Grado de ocupación por plazas;2023M01;""
22125 Huesca;Grado de ocupación por plazas;2022M12;""
22125 Huesca;Grado de ocupación por plazas;2022M11;""
22125 Huesca;Grado de ocupación por plazas;2022M10;""
22125 Huesca;Grado de ocupación por plazas;2022M09;""
22125 Huesca;Grado de ocupación por plazas;2022M08;""
22125 Huesca;Grado de ocupación por plazas;2022M07;""
22125 Huesca;Grado de ocupación por plazas;2022M06;""
22125 Huesca;Grado de ocupación por plazas;2022M05;""
22125 Huesca;Grado de ocupación por plazas;2022M04;""
22125 Huesca;Grado de ocupación por plazas;2022M03;""
22125 Huesca;Grado de ocupación por plazas;2022M02;""
22125 Huesca;Grado de ocupación por plazas;2022M01;""
22125 Huesca;Grado de ocupación por plazas;2021M12;""
22125 Huesca;Grado de ocupación por plazas;2021M11;""
22125 Huesca;Grado de ocupación por plazas;2021M10;""
22125 Huesca;Grado de ocupación por plazas;2021M09;""
22125 Huesca;Grado de ocupación por plazas;2021M08;""
22125 Huesca;Grado de ocupación por plazas;2021M07;""
22125 Huesca;Grado de ocupación por plazas;2021M06;""
22125 Huesca;Grado de ocupación por plazas;2021M05;""
22125 Huesca;Grado de ocupación por plazas;2021M04;""
22125 Huesca;Grado de ocupación por plazas;2021M03;""
22125 Huesca;Grado de ocupación por plazas;2021M02;""
22125 Huesca;Grado de ocupación por plazas;2021M01;""
22125 Huesca;Grado de ocupación por plazas;2020M12;""
22125 Huesca;Grado de ocupación por plazas;2020M11;""
22125 Huesca;Grado de ocupación por plazas;2020M10;""
22125 Huesca;Grado de ocupación por plazas;2020M09;""
22125 Huesca;Grado de ocupación por plazas;2020M08;""
22125 Huesca;Grado de ocupación por plazas;2020M07;""
22125 Huesca;Grado de ocupación por plazas;2020M06;""
22125 Huesca;Grado de ocupación por plazas;2020M05;""
22125 Huesca;Grado de ocupación por plazas;2020M04;""
22125 Huesca;Grado de ocupación por plazas;2020M03;""
22125 Huesca;Grado de ocupación por plazas;2020M02;""
22125 Huesca;Grado de ocupación por plazas;2020M01;""
22125 Huesca;Grado de ocupación por plazas;2019M12;""
22125 Huesca;Grado de ocupación por plazas;2019M11;""
22125 Huesca;Grado de ocupación por plazas;2019M10;""
22125 Huesca;Grado de ocupación por plazas;2019M09;""
22125 Huesca;Grado de ocupación por plazas;2019M08;""
22125 Huesca;Grado de ocupación por plazas;2019M07;""
22125 Huesca;Grado de ocupación por plazas;2019M06;""
22125 Huesca;Grado de ocupación por plazas;2019M05;""
22125 Huesca;Grado de ocupación por plazas;2019M04;""
22125 Huesca;Grado de ocupación por plazas;2019M03;""
22125 Huesca;Grado de ocupación por plazas;2019M02;""
22125 Huesca;Grado de ocupación por plazas;2019M01;""
22125 Huesca;Grado de ocupación por plazas;2018M12;""
22125 Huesca;Grado de ocupación por plazas;2018M11;""
22125 Huesca;Grado de ocupación por plazas;2018M10;""
22125 Huesca;Grado de ocupación por plazas;2018M09;""
22125 Huesca;Grado de ocupación por plazas;2018M08;""
22125 Huesca;Grado de ocupación por plazas;2018M07;""
22125 Huesca;Grado de ocupación por plazas;2018M06;""
22125 Huesca;Grado de ocupación por plazas;2018M05;""
22125 Huesca;Grado de ocupación por plazas;2018M04;""
22125 Huesca;Grado de ocupación por plazas;2018M03;""
22125 Huesca;Grado de ocupación por plazas;2018M02;""
22125 Huesca;Grado de ocupación por plazas;2018M01;""
22130 Jaca;Grado de ocupación por plazas;2026M02;63,70
22130 Jaca;Grado de ocupación por plazas;2026M01;50,32
22130 Jaca;Grado de ocupación por plazas;2025M12;38,73
22130 Jaca;Grado de ocupación por plazas;2025M11;36,26
22130 Jaca;Grado de ocupación por plazas;2025M10;50,03
22130 Jaca;Grado de ocupación por plazas;2025M09;56,70
22130 Jaca;Grado de ocupación por plazas;2025M08;70,63
22130 Jaca;Grado de ocupación por plazas;2025M07;63,38
22130 Jaca;Grado de ocupación por plazas;2025M06;53,98
22130 Jaca;Grado de ocupación por plazas;2025M05;48,28
22130 Jaca;Grado de ocupación por plazas;2025M04;40,78
22130 Jaca;Grado de ocupación por plazas;2025M03;41,99
22130 Jaca;Grado de ocupación por plazas;2025M02;64,79
22130 Jaca;Grado de ocupación por plazas;2025M01;46,14
22130 Jaca;Grado de ocupación por plazas;2024M12;32,81
22130 Jaca;Grado de ocupación por plazas;2024M11;33,98
22130 Jaca;Grado de ocupación por plazas;2024M10;42,07
22130 Jaca;Grado de ocupación por plazas;2024M09;57,86
22130 Jaca;Grado de ocupación por plazas;2024M08;74,90
22130 Jaca;Grado de ocupación por plazas;2024M07;59,70
22130 Jaca;Grado de ocupación por plazas;2024M06;54,17
22130 Jaca;Grado de ocupación por plazas;2024M05;43,36
22130 Jaca;Grado de ocupación por plazas;2024M04;38,04
22130 Jaca;Grado de ocupación por plazas;2024M03;57,23
22130 Jaca;Grado de ocupación por plazas;2024M02;57,50
22130 Jaca;Grado de ocupación por plazas;2024M01;52,42
22130 Jaca;Grado de ocupación por plazas;2023M12;32,67
22130 Jaca;Grado de ocupación por plazas;2023M11;.
22130 Jaca;Grado de ocupación por plazas;2023M10;48,88
22130 Jaca;Grado de ocupación por plazas;2023M09;51,93
22130 Jaca;Grado de ocupación por plazas;2023M08;67,58
22130 Jaca;Grado de ocupación por plazas;2023M07;55,24
22130 Jaca;Grado de ocupación por plazas;2023M06;51,93
22130 Jaca;Grado de ocupación por plazas;2023M05;38,18
22130 Jaca;Grado de ocupación por plazas;2023M04;46,02
22130 Jaca;Grado de ocupación por plazas;2023M03;52,84
22130 Jaca;Grado de ocupación por plazas;2023M02;69,70
22130 Jaca;Grado de ocupación por plazas;2023M01;52,71
22130 Jaca;Grado de ocupación por plazas;2022M12;39,96
22130 Jaca;Grado de ocupación por plazas;2022M11;.
22130 Jaca;Grado de ocupación por plazas;2022M10;.
22130 Jaca;Grado de ocupación por plazas;2022M09;56,62
22130 Jaca;Grado de ocupación por plazas;2022M08;71,17
22130 Jaca;Grado de ocupación por plazas;2022M07;60,29
22130 Jaca;Grado de ocupación por plazas;2022M06;50,69
22130 Jaca;Grado de ocupación por plazas;2022M05;41,31
22130 Jaca;Grado de ocupación por plazas;2022M04;50,11
22130 Jaca;Grado de ocupación por plazas;2022M03;45,02
22130 Jaca;Grado de ocupación por plazas;2022M02;64,38
22130 Jaca;Grado de ocupación por plazas;2022M01;52,26
22130 Jaca;Grado de ocupación por plazas;2021M12;43,82
22130 Jaca;Grado de ocupación por plazas;2021M11;.
22130 Jaca;Grado de ocupación por plazas;2021M10;51,80
22130 Jaca;Grado de ocupación por plazas;2021M09;56,68
22130 Jaca;Grado de ocupación por plazas;2021M08;79,17
22130 Jaca;Grado de ocupación por plazas;2021M07;61,79
22130 Jaca;Grado de ocupación por plazas;2021M06;38,51
22130 Jaca;Grado de ocupación por plazas;2021M05;.
22130 Jaca;Grado de ocupación por plazas;2021M04;25,21
22130 Jaca;Grado de ocupación por plazas;2021M03;.
22130 Jaca;Grado de ocupación por plazas;2021M02;.
22130 Jaca;Grado de ocupación por plazas;2021M01;.
22130 Jaca;Grado de ocupación por plazas;2020M12;.
22130 Jaca;Grado de ocupación por plazas;2020M11;.
22130 Jaca;Grado de ocupación por plazas;2020M10;20,92
22130 Jaca;Grado de ocupación por plazas;2020M09;23,20
22130 Jaca;Grado de ocupación por plazas;2020M08;48,80
22130 Jaca;Grado de ocupación por plazas;2020M07;35,97
22130 Jaca;Grado de ocupación por plazas;2020M06;.
22130 Jaca;Grado de ocupación por plazas;2020M05;.
22130 Jaca;Grado de ocupación por plazas;2020M04;0,00
22130 Jaca;Grado de ocupación por plazas;2020M03;48,47
22130 Jaca;Grado de ocupación por plazas;2020M02;67,06
22130 Jaca;Grado de ocupación por plazas;2020M01;54,46
22130 Jaca;Grado de ocupación por plazas;2019M12;51,94
22130 Jaca;Grado de ocupación por plazas;2019M11;43,73
22130 Jaca;Grado de ocupación por plazas;2019M10;48,83
22130 Jaca;Grado de ocupación por plazas;2019M09;54,96
22130 Jaca;Grado de ocupación por plazas;2019M08;70,90
22130 Jaca;Grado de ocupación por plazas;2019M07;56,75
22130 Jaca;Grado de ocupación por plazas;2019M06;58,02
22130 Jaca;Grado de ocupación por plazas;2019M05;48,19
22130 Jaca;Grado de ocupación por plazas;2019M04;52,42
22130 Jaca;Grado de ocupación por plazas;2019M03;60,26
22130 Jaca;Grado de ocupación por plazas;2019M02;64,27
22130 Jaca;Grado de ocupación por plazas;2019M01;46,07
22130 Jaca;Grado de ocupación por plazas;2018M12;40,03
22130 Jaca;Grado de ocupación por plazas;2018M11;.
22130 Jaca;Grado de ocupación por plazas;2018M10;.
22130 Jaca;Grado de ocupación por plazas;2018M09;67,69
22130 Jaca;Grado de ocupación por plazas;2018M08;73,54
22130 Jaca;Grado de ocupación por plazas;2018M07;60,27
22130 Jaca;Grado de ocupación por plazas;2018M06;49,79
22130 Jaca;Grado de ocupación por plazas;2018M05;46,06
22130 Jaca;Grado de ocupación por plazas;2018M04;46,41
22130 Jaca;Grado de ocupación por plazas;2018M03;56,59
22130 Jaca;Grado de ocupación por plazas;2018M02;61,04
22130 Jaca;Grado de ocupación por plazas;2018M01;59,25
22204 Sallent de Gállego;Grado de ocupación por plazas;2026M02;79,77
22204 Sallent de Gállego;Grado de ocupación por plazas;2026M01;66,37
22204 Sallent de Gállego;Grado de ocupación por plazas;2025M12;46,96
22204 Sallent de Gállego;Grado de ocupación por plazas;2025M11;.
22204 Sallent de Gállego;Grado de ocupación por plazas;2025M10;.
22204 Sallent de Gállego;Grado de ocupación por plazas;2025M09;26,64
22204 Sallent de Gállego;Grado de ocupación por plazas;2025M08;63,07
22204 Sallent de Gállego;Grado de ocupación por plazas;2025M07;47,17
22204 Sallent de Gállego;Grado de ocupación por plazas;2025M06;.
22204 Sallent de Gállego;Grado de ocupación por plazas;2025M05;.
22204 Sallent de Gállego;Grado de ocupación por plazas;2025M04;19,08
22204 Sallent de Gállego;Grado de ocupación por plazas;2025M03;52,63
22204 Sallent de Gállego;Grado de ocupación por plazas;2025M02;72,01
22204 Sallent de Gállego;Grado de ocupación por plazas;2025M01;54,42
22204 Sallent de Gállego;Grado de ocupación por plazas;2024M12;33,99
22204 Sallent de Gállego;Grado de ocupación por plazas;2024M11;.
22204 Sallent de Gállego;Grado de ocupación por plazas;2024M10;.
22204 Sallent de Gállego;Grado de ocupación por plazas;2024M09;29,07
22204 Sallent de Gállego;Grado de ocupación por plazas;2024M08;69,28
22204 Sallent de Gállego;Grado de ocupación por plazas;2024M07;48,61
22204 Sallent de Gállego;Grado de ocupación por plazas;2024M06;.
22204 Sallent de Gállego;Grado de ocupación por plazas;2024M05;.
22204 Sallent de Gállego;Grado de ocupación por plazas;2024M04;23,42
22204 Sallent de Gállego;Grado de ocupación por plazas;2024M03;63,95
22204 Sallent de Gállego;Grado de ocupación por plazas;2024M02;49,32
22204 Sallent de Gállego;Grado de ocupación por plazas;2024M01;45,87
22204 Sallent de Gállego;Grado de ocupación por plazas;2023M12;28,45
22204 Sallent de Gállego;Grado de ocupación por plazas;2023M11;.
22204 Sallent de Gállego;Grado de ocupación por plazas;2023M10;.
22204 Sallent de Gállego;Grado de ocupación por plazas;2023M09;26,93
22204 Sallent de Gállego;Grado de ocupación por plazas;2023M08;63,36
22204 Sallent de Gállego;Grado de ocupación por plazas;2023M07;46,46
22204 Sallent de Gállego;Grado de ocupación por plazas;2023M06;.
22204 Sallent de Gállego;Grado de ocupación por plazas;2023M05;.
22204 Sallent de Gállego;Grado de ocupación por plazas;2023M04;35,03
22204 Sallent de Gállego;Grado de ocupación por plazas;2023M03;45,34
22204 Sallent de Gállego;Grado de ocupación por plazas;2023M02;74,70
22204 Sallent de Gállego;Grado de ocupación por plazas;2023M01;58,41
22204 Sallent de Gállego;Grado de ocupación por plazas;2022M12;36,08
22204 Sallent de Gállego;Grado de ocupación por plazas;2022M11;.
22204 Sallent de Gállego;Grado de ocupación por plazas;2022M10;.
22204 Sallent de Gállego;Grado de ocupación por plazas;2022M09;31,49
22204 Sallent de Gállego;Grado de ocupación por plazas;2022M08;61,18
22204 Sallent de Gállego;Grado de ocupación por plazas;2022M07;46,73
22204 Sallent de Gállego;Grado de ocupación por plazas;2022M06;23,72
22204 Sallent de Gállego;Grado de ocupación por plazas;2022M05;.
22204 Sallent de Gállego;Grado de ocupación por plazas;2022M04;33,05
22204 Sallent de Gállego;Grado de ocupación por plazas;2022M03;44,61
22204 Sallent de Gállego;Grado de ocupación por plazas;2022M02;74,18
22204 Sallent de Gállego;Grado de ocupación por plazas;2022M01;65,36
22204 Sallent de Gállego;Grado de ocupación por plazas;2021M12;46,30
22204 Sallent de Gállego;Grado de ocupación por plazas;2021M11;.
22204 Sallent de Gállego;Grado de ocupación por plazas;2021M10;24,04
22204 Sallent de Gállego;Grado de ocupación por plazas;2021M09;28,14
22204 Sallent de Gállego;Grado de ocupación por plazas;2021M08;76,74
22204 Sallent de Gállego;Grado de ocupación por plazas;2021M07;50,17
22204 Sallent de Gállego;Grado de ocupación por plazas;2021M06;14,85
22204 Sallent de Gállego;Grado de ocupación por plazas;2021M05;.
22204 Sallent de Gállego;Grado de ocupación por plazas;2021M04;17,40
22204 Sallent de Gállego;Grado de ocupación por plazas;2021M03;.
22204 Sallent de Gállego;Grado de ocupación por plazas;2021M02;.
22204 Sallent de Gállego;Grado de ocupación por plazas;2021M01;.
22204 Sallent de Gállego;Grado de ocupación por plazas;2020M12;.
22204 Sallent de Gállego;Grado de ocupación por plazas;2020M11;.
22204 Sallent de Gállego;Grado de ocupación por plazas;2020M10;.
22204 Sallent de Gállego;Grado de ocupación por plazas;2020M09;21,73
22204 Sallent de Gállego;Grado de ocupación por plazas;2020M08;61,38
22204 Sallent de Gállego;Grado de ocupación por plazas;2020M07;33,10
22204 Sallent de Gállego;Grado de ocupación por plazas;2020M06;.
22204 Sallent de Gállego;Grado de ocupación por plazas;2020M05;.
22204 Sallent de Gállego;Grado de ocupación por plazas;2020M04;0,00
22204 Sallent de Gállego;Grado de ocupación por plazas;2020M03;37,53
22204 Sallent de Gállego;Grado de ocupación por plazas;2020M02;69,38
22204 Sallent de Gállego;Grado de ocupación por plazas;2020M01;58,94
22204 Sallent de Gállego;Grado de ocupación por plazas;2019M12;48,57
22204 Sallent de Gállego;Grado de ocupación por plazas;2019M11;.
22204 Sallent de Gállego;Grado de ocupación por plazas;2019M10;.
22204 Sallent de Gállego;Grado de ocupación por plazas;2019M09;16,91
22204 Sallent de Gállego;Grado de ocupación por plazas;2019M08;67,29
22204 Sallent de Gállego;Grado de ocupación por plazas;2019M07;44,31
22204 Sallent de Gállego;Grado de ocupación por plazas;2019M06;21,93
22204 Sallent de Gállego;Grado de ocupación por plazas;2019M05;.
22204 Sallent de Gállego;Grado de ocupación por plazas;2019M04;20,36
22204 Sallent de Gállego;Grado de ocupación por plazas;2019M03;54,00
22204 Sallent de Gállego;Grado de ocupación por plazas;2019M02;63,66
22204 Sallent de Gállego;Grado de ocupación por plazas;2019M01;20,15
22204 Sallent de Gállego;Grado de ocupación por plazas;2018M12;26,48
22204 Sallent de Gállego;Grado de ocupación por plazas;2018M11;.
22204 Sallent de Gállego;Grado de ocupación por plazas;2018M10;.
22204 Sallent de Gállego;Grado de ocupación por plazas;2018M09;24,30
22204 Sallent de Gállego;Grado de ocupación por plazas;2018M08;60,62
22204 Sallent de Gállego;Grado de ocupación por plazas;2018M07;39,89
22204 Sallent de Gállego;Grado de ocupación por plazas;2018M06;27,14
22204 Sallent de Gállego;Grado de ocupación por plazas;2018M05;.
22204 Sallent de Gállego;Grado de ocupación por plazas;2018M04;52,87
22204 Sallent de Gállego;Grado de ocupación por plazas;2018M03;57,69
22204 Sallent de Gállego;Grado de ocupación por plazas;2018M02;72,99
22204 Sallent de Gállego;Grado de ocupación por plazas;2018M01;57,28
25025 Naut Aran;Grado de ocupación por plazas;2026M02;66,70
25025 Naut Aran;Grado de ocupación por plazas;2026M01;58,32
25025 Naut Aran;Grado de ocupación por plazas;2025M12;49,70
25025 Naut Aran;Grado de ocupación por plazas;2025M11;.
25025 Naut Aran;Grado de ocupación por plazas;2025M10;.
25025 Naut Aran;Grado de ocupación por plazas;2025M09;21,45
25025 Naut Aran;Grado de ocupación por plazas;2025M08;57,57
25025 Naut Aran;Grado de ocupación por plazas;2025M07;39,76
25025 Naut Aran;Grado de ocupación por plazas;2025M06;.
25025 Naut Aran;Grado de ocupación por plazas;2025M05;.
25025 Naut Aran;Grado de ocupación por plazas;2025M04;21,80
25025 Naut Aran;Grado de ocupación por plazas;2025M03;52,03
25025 Naut Aran;Grado de ocupación por plazas;2025M02;68,85
25025 Naut Aran;Grado de ocupación por plazas;2025M01;59,88
25025 Naut Aran;Grado de ocupación por plazas;2024M12;45,60
25025 Naut Aran;Grado de ocupación por plazas;2024M11;.
25025 Naut Aran;Grado de ocupación por plazas;2024M10;.
25025 Naut Aran;Grado de ocupación por plazas;2024M09;31,55
25025 Naut Aran;Grado de ocupación por plazas;2024M08;57,59
25025 Naut Aran;Grado de ocupación por plazas;2024M07;39,35
25025 Naut Aran;Grado de ocupación por plazas;2024M06;.
25025 Naut Aran;Grado de ocupación por plazas;2024M05;.
25025 Naut Aran;Grado de ocupación por plazas;2024M04;30,46
25025 Naut Aran;Grado de ocupación por plazas;2024M03;55,64
25025 Naut Aran;Grado de ocupación por plazas;2024M02;69,72
25025 Naut Aran;Grado de ocupación por plazas;2024M01;63,70
25025 Naut Aran;Grado de ocupación por plazas;2023M12;45,21
25025 Naut Aran;Grado de ocupación por plazas;2023M11;.
25025 Naut Aran;Grado de ocupación por plazas;2023M10;.
25025 Naut Aran;Grado de ocupación por plazas;2023M09;36,00
25025 Naut Aran;Grado de ocupación por plazas;2023M08;60,26
25025 Naut Aran;Grado de ocupación por plazas;2023M07;40,12
25025 Naut Aran;Grado de ocupación por plazas;2023M06;26,51
25025 Naut Aran;Grado de ocupación por plazas;2023M05;.
25025 Naut Aran;Grado de ocupación por plazas;2023M04;23,05
25025 Naut Aran;Grado de ocupación por plazas;2023M03;44,37
25025 Naut Aran;Grado de ocupación por plazas;2023M02;72,70
25025 Naut Aran;Grado de ocupación por plazas;2023M01;52,79
25025 Naut Aran;Grado de ocupación por plazas;2022M12;51,04
25025 Naut Aran;Grado de ocupación por plazas;2022M11;.
25025 Naut Aran;Grado de ocupación por plazas;2022M10;.
25025 Naut Aran;Grado de ocupación por plazas;2022M09;32,83
25025 Naut Aran;Grado de ocupación por plazas;2022M08;61,78
25025 Naut Aran;Grado de ocupación por plazas;2022M07;39,76
25025 Naut Aran;Grado de ocupación por plazas;2022M06;21,01
25025 Naut Aran;Grado de ocupación por plazas;2022M05;.
25025 Naut Aran;Grado de ocupación por plazas;2022M04;34,46
25025 Naut Aran;Grado de ocupación por plazas;2022M03;50,90
25025 Naut Aran;Grado de ocupación por plazas;2022M02;69,04
25025 Naut Aran;Grado de ocupación por plazas;2022M01;60,01
25025 Naut Aran;Grado de ocupación por plazas;2021M12;48,96
25025 Naut Aran;Grado de ocupación por plazas;2021M11;.
25025 Naut Aran;Grado de ocupación por plazas;2021M10;26,05
25025 Naut Aran;Grado de ocupación por plazas;2021M09;23,55
25025 Naut Aran;Grado de ocupación por plazas;2021M08;68,13
25025 Naut Aran;Grado de ocupación por plazas;2021M07;39,33
25025 Naut Aran;Grado de ocupación por plazas;2021M06;20,53
25025 Naut Aran;Grado de ocupación por plazas;2021M05;.
25025 Naut Aran;Grado de ocupación por plazas;2021M04;11,15
25025 Naut Aran;Grado de ocupación por plazas;2021M03;16,75
25025 Naut Aran;Grado de ocupación por plazas;2021M02;11,00
25025 Naut Aran;Grado de ocupación por plazas;2021M01;23,75
25025 Naut Aran;Grado de ocupación por plazas;2020M12;22,14
25025 Naut Aran;Grado de ocupación por plazas;2020M11;.
25025 Naut Aran;Grado de ocupación por plazas;2020M10;.
25025 Naut Aran;Grado de ocupación por plazas;2020M09;33,20
25025 Naut Aran;Grado de ocupación por plazas;2020M08;61,80
25025 Naut Aran;Grado de ocupación por plazas;2020M07;31,23
25025 Naut Aran;Grado de ocupación por plazas;2020M06;.
25025 Naut Aran;Grado de ocupación por plazas;2020M05;.
25025 Naut Aran;Grado de ocupación por plazas;2020M04;0,00
25025 Naut Aran;Grado de ocupación por plazas;2020M03;29,36
25025 Naut Aran;Grado de ocupación por plazas;2020M02;69,58
25025 Naut Aran;Grado de ocupación por plazas;2020M01;55,47
25025 Naut Aran;Grado de ocupación por plazas;2019M12;49,07
25025 Naut Aran;Grado de ocupación por plazas;2019M11;.
25025 Naut Aran;Grado de ocupación por plazas;2019M10;.
25025 Naut Aran;Grado de ocupación por plazas;2019M09;27,32
25025 Naut Aran;Grado de ocupación por plazas;2019M08;61,55
25025 Naut Aran;Grado de ocupación por plazas;2019M07;36,64
25025 Naut Aran;Grado de ocupación por plazas;2019M06;.
25025 Naut Aran;Grado de ocupación por plazas;2019M05;.
25025 Naut Aran;Grado de ocupación por plazas;2019M04;28,42
25025 Naut Aran;Grado de ocupación por plazas;2019M03;56,12
25025 Naut Aran;Grado de ocupación por plazas;2019M02;70,20
25025 Naut Aran;Grado de ocupación por plazas;2019M01;45,54
25025 Naut Aran;Grado de ocupación por plazas;2018M12;38,14
25025 Naut Aran;Grado de ocupación por plazas;2018M11;.
25025 Naut Aran;Grado de ocupación por plazas;2018M10;.
25025 Naut Aran;Grado de ocupación por plazas;2018M09;19,29
25025 Naut Aran;Grado de ocupación por plazas;2018M08;58,91
25025 Naut Aran;Grado de ocupación por plazas;2018M07;30,37
25025 Naut Aran;Grado de ocupación por plazas;2018M06;.
25025 Naut Aran;Grado de ocupación por plazas;2018M05;.
25025 Naut Aran;Grado de ocupación por plazas;2018M04;33,09
25025 Naut Aran;Grado de ocupación por plazas;2018M03;55,67
25025 Naut Aran;Grado de ocupación por plazas;2018M02;68,78
25025 Naut Aran;Grado de ocupación por plazas;2018M01;52,59
25043 Vall de Boí, La;Grado de ocupación por plazas;2026M02;.
25043 Vall de Boí, La;Grado de ocupación por plazas;2026M01;.
25043 Vall de Boí, La;Grado de ocupación por plazas;2025M12;.
25043 Vall de Boí, La;Grado de ocupación por plazas;2025M11;.
25043 Vall de Boí, La;Grado de ocupación por plazas;2025M10;.
25043 Vall de Boí, La;Grado de ocupación por plazas;2025M09;35,59
25043 Vall de Boí, La;Grado de ocupación por plazas;2025M08;60,75
25043 Vall de Boí, La;Grado de ocupación por plazas;2025M07;52,77
25043 Vall de Boí, La;Grado de ocupación por plazas;2025M06;38,89
25043 Vall de Boí, La;Grado de ocupación por plazas;2025M05;.
25043 Vall de Boí, La;Grado de ocupación por plazas;2025M04;.
25043 Vall de Boí, La;Grado de ocupación por plazas;2025M03;52,40
25043 Vall de Boí, La;Grado de ocupación por plazas;2025M02;67,03
25043 Vall de Boí, La;Grado de ocupación por plazas;2025M01;54,08
25043 Vall de Boí, La;Grado de ocupación por plazas;2024M12;41,65
25043 Vall de Boí, La;Grado de ocupación por plazas;2024M11;.
25043 Vall de Boí, La;Grado de ocupación por plazas;2024M10;.
25043 Vall de Boí, La;Grado de ocupación por plazas;2024M09;40,21
25043 Vall de Boí, La;Grado de ocupación por plazas;2024M08;66,10
25043 Vall de Boí, La;Grado de ocupación por plazas;2024M07;46,43
25043 Vall de Boí, La;Grado de ocupación por plazas;2024M06;25,35
25043 Vall de Boí, La;Grado de ocupación por plazas;2024M05;.
25043 Vall de Boí, La;Grado de ocupación por plazas;2024M04;.
25043 Vall de Boí, La;Grado de ocupación por plazas;2024M03;64,03
25043 Vall de Boí, La;Grado de ocupación por plazas;2024M02;61,78
25043 Vall de Boí, La;Grado de ocupación por plazas;2024M01;46,70
25043 Vall de Boí, La;Grado de ocupación por plazas;2023M12;""
25043 Vall de Boí, La;Grado de ocupación por plazas;2023M11;""
25043 Vall de Boí, La;Grado de ocupación por plazas;2023M10;""
25043 Vall de Boí, La;Grado de ocupación por plazas;2023M09;""
25043 Vall de Boí, La;Grado de ocupación por plazas;2023M08;""
25043 Vall de Boí, La;Grado de ocupación por plazas;2023M07;""
25043 Vall de Boí, La;Grado de ocupación por plazas;2023M06;""
25043 Vall de Boí, La;Grado de ocupación por plazas;2023M05;""
25043 Vall de Boí, La;Grado de ocupación por plazas;2023M04;""
25043 Vall de Boí, La;Grado de ocupación por plazas;2023M03;""
25043 Vall de Boí, La;Grado de ocupación por plazas;2023M02;""
25043 Vall de Boí, La;Grado de ocupación por plazas;2023M01;""
25043 Vall de Boí, La;Grado de ocupación por plazas;2022M12;""
25043 Vall de Boí, La;Grado de ocupación por plazas;2022M11;""
25043 Vall de Boí, La;Grado de ocupación por plazas;2022M10;""
25043 Vall de Boí, La;Grado de ocupación por plazas;2022M09;""
25043 Vall de Boí, La;Grado de ocupación por plazas;2022M08;""
25043 Vall de Boí, La;Grado de ocupación por plazas;2022M07;""
25043 Vall de Boí, La;Grado de ocupación por plazas;2022M06;""
25043 Vall de Boí, La;Grado de ocupación por plazas;2022M05;""
25043 Vall de Boí, La;Grado de ocupación por plazas;2022M04;""
25043 Vall de Boí, La;Grado de ocupación por plazas;2022M03;""
25043 Vall de Boí, La;Grado de ocupación por plazas;2022M02;""
25043 Vall de Boí, La;Grado de ocupación por plazas;2022M01;""
25043 Vall de Boí, La;Grado de ocupación por plazas;2021M12;""
25043 Vall de Boí, La;Grado de ocupación por plazas;2021M11;""
25043 Vall de Boí, La;Grado de ocupación por plazas;2021M10;""
25043 Vall de Boí, La;Grado de ocupación por plazas;2021M09;""
25043 Vall de Boí, La;Grado de ocupación por plazas;2021M08;""
25043 Vall de Boí, La;Grado de ocupación por plazas;2021M07;""
25043 Vall de Boí, La;Grado de ocupación por plazas;2021M06;""
25043 Vall de Boí, La;Grado de ocupación por plazas;2021M05;""
25043 Vall de Boí, La;Grado de ocupación por plazas;2021M04;""
25043 Vall de Boí, La;Grado de ocupación por plazas;2021M03;""
25043 Vall de Boí, La;Grado de ocupación por plazas;2021M02;""
25043 Vall de Boí, La;Grado de ocupación por plazas;2021M01;""
25043 Vall de Boí, La;Grado de ocupación por plazas;2020M12;""
25043 Vall de Boí, La;Grado de ocupación por plazas;2020M11;""
25043 Vall de Boí, La;Grado de ocupación por plazas;2020M10;""
25043 Vall de Boí, La;Grado de ocupación por plazas;2020M09;""
25043 Vall de Boí, La;Grado de ocupación por plazas;2020M08;""
25043 Vall de Boí, La;Grado de ocupación por plazas;2020M07;""
25043 Vall de Boí, La;Grado de ocupación por plazas;2020M06;""
25043 Vall de Boí, La;Grado de ocupación por plazas;2020M05;""
25043 Vall de Boí, La;Grado de ocupación por plazas;2020M04;""
25043 Vall de Boí, La;Grado de ocupación por plazas;2020M03;""
25043 Vall de Boí, La;Grado de ocupación por plazas;2020M02;""
25043 Vall de Boí, La;Grado de ocupación por plazas;2020M01;""
25043 Vall de Boí, La;Grado de ocupación por plazas;2019M12;""
25043 Vall de Boí, La;Grado de ocupación por plazas;2019M11;""
25043 Vall de Boí, La;Grado de ocupación por plazas;2019M10;""
25043 Vall de Boí, La;Grado de ocupación por plazas;2019M09;""
25043 Vall de Boí, La;Grado de ocupación por plazas;2019M08;""
25043 Vall de Boí, La;Grado de ocupación por plazas;2019M07;""
25043 Vall de Boí, La;Grado de ocupación por plazas;2019M06;""
25043 Vall de Boí, La;Grado de ocupación por plazas;2019M05;""
25043 Vall de Boí, La;Grado de ocupación por plazas;2019M04;""
25043 Vall de Boí, La;Grado de ocupación por plazas;2019M03;""
25043 Vall de Boí, La;Grado de ocupación por plazas;2019M02;""
25043 Vall de Boí, La;Grado de ocupación por plazas;2019M01;""
25043 Vall de Boí, La;Grado de ocupación por plazas;2018M12;""
25043 Vall de Boí, La;Grado de ocupación por plazas;2018M11;""
25043 Vall de Boí, La;Grado de ocupación por plazas;2018M10;""
25043 Vall de Boí, La;Grado de ocupación por plazas;2018M09;""
25043 Vall de Boí, La;Grado de ocupación por plazas;2018M08;""
25043 Vall de Boí, La;Grado de ocupación por plazas;2018M07;""
25043 Vall de Boí, La;Grado de ocupación por plazas;2018M06;""
25043 Vall de Boí, La;Grado de ocupación por plazas;2018M05;""
25043 Vall de Boí, La;Grado de ocupación por plazas;2018M04;""
25043 Vall de Boí, La;Grado de ocupación por plazas;2018M03;""
25043 Vall de Boí, La;Grado de ocupación por plazas;2018M02;""
25043 Vall de Boí, La;Grado de ocupación por plazas;2018M01;""
25120 Lleida;Grado de ocupación por plazas;2026M02;52,89
25120 Lleida;Grado de ocupación por plazas;2026M01;42,43
25120 Lleida;Grado de ocupación por plazas;2025M12;44,39
25120 Lleida;Grado de ocupación por plazas;2025M11;50,79
25120 Lleida;Grado de ocupación por plazas;2025M10;52,42
25120 Lleida;Grado de ocupación por plazas;2025M09;50,46
25120 Lleida;Grado de ocupación por plazas;2025M08;59,81
25120 Lleida;Grado de ocupación por plazas;2025M07;53,13
25120 Lleida;Grado de ocupación por plazas;2025M06;53,10
25120 Lleida;Grado de ocupación por plazas;2025M05;50,87
25120 Lleida;Grado de ocupación por plazas;2025M04;49,20
25120 Lleida;Grado de ocupación por plazas;2025M03;46,45
25120 Lleida;Grado de ocupación por plazas;2025M02;46,30
25120 Lleida;Grado de ocupación por plazas;2025M01;35,68
25120 Lleida;Grado de ocupación por plazas;2024M12;43,91
25120 Lleida;Grado de ocupación por plazas;2024M11;46,61
25120 Lleida;Grado de ocupación por plazas;2024M10;54,64
25120 Lleida;Grado de ocupación por plazas;2024M09;51,44
25120 Lleida;Grado de ocupación por plazas;2024M08;54,76
25120 Lleida;Grado de ocupación por plazas;2024M07;53,05
25120 Lleida;Grado de ocupación por plazas;2024M06;57,62
25120 Lleida;Grado de ocupación por plazas;2024M05;55,23
25120 Lleida;Grado de ocupación por plazas;2024M04;47,53
25120 Lleida;Grado de ocupación por plazas;2024M03;51,67
25120 Lleida;Grado de ocupación por plazas;2024M02;46,30
25120 Lleida;Grado de ocupación por plazas;2024M01;38,88
25120 Lleida;Grado de ocupación por plazas;2023M12;41,39
25120 Lleida;Grado de ocupación por plazas;2023M11;43,84
25120 Lleida;Grado de ocupación por plazas;2023M10;54,33
25120 Lleida;Grado de ocupación por plazas;2023M09;51,95
25120 Lleida;Grado de ocupación por plazas;2023M08;53,42
25120 Lleida;Grado de ocupación por plazas;2023M07;51,46
25120 Lleida;Grado de ocupación por plazas;2023M06;51,52
25120 Lleida;Grado de ocupación por plazas;2023M05;53,07
25120 Lleida;Grado de ocupación por plazas;2023M04;52,94
25120 Lleida;Grado de ocupación por plazas;2023M03;47,72
25120 Lleida;Grado de ocupación por plazas;2023M02;45,63
25120 Lleida;Grado de ocupación por plazas;2023M01;40,67
25120 Lleida;Grado de ocupación por plazas;2022M12;36,78
25120 Lleida;Grado de ocupación por plazas;2022M11;45,32
25120 Lleida;Grado de ocupación por plazas;2022M10;51,60
25120 Lleida;Grado de ocupación por plazas;2022M09;55,86
25120 Lleida;Grado de ocupación por plazas;2022M08;61,74
25120 Lleida;Grado de ocupación por plazas;2022M07;56,17
25120 Lleida;Grado de ocupación por plazas;2022M06;58,85
25120 Lleida;Grado de ocupación por plazas;2022M05;62,31
25120 Lleida;Grado de ocupación por plazas;2022M04;57,08
25120 Lleida;Grado de ocupación por plazas;2022M03;46,75
25120 Lleida;Grado de ocupación por plazas;2022M02;43,46
25120 Lleida;Grado de ocupación por plazas;2022M01;29,05
25120 Lleida;Grado de ocupación por plazas;2021M12;35,67
25120 Lleida;Grado de ocupación por plazas;2021M11;48,34
25120 Lleida;Grado de ocupación por plazas;2021M10;49,83
25120 Lleida;Grado de ocupación por plazas;2021M09;52,03
25120 Lleida;Grado de ocupación por plazas;2021M08;58,70
25120 Lleida;Grado de ocupación por plazas;2021M07;56,07
25120 Lleida;Grado de ocupación por plazas;2021M06;47,27
25120 Lleida;Grado de ocupación por plazas;2021M05;31,62
25120 Lleida;Grado de ocupación por plazas;2021M04;36,96
25120 Lleida;Grado de ocupación por plazas;2021M03;29,63
25120 Lleida;Grado de ocupación por plazas;2021M02;27,46
25120 Lleida;Grado de ocupación por plazas;2021M01;20,84
25120 Lleida;Grado de ocupación por plazas;2020M12;19,11
25120 Lleida;Grado de ocupación por plazas;2020M11;16,45
25120 Lleida;Grado de ocupación por plazas;2020M10;23,23
25120 Lleida;Grado de ocupación por plazas;2020M09;22,73
25120 Lleida;Grado de ocupación por plazas;2020M08;.
25120 Lleida;Grado de ocupación por plazas;2020M07;.
25120 Lleida;Grado de ocupación por plazas;2020M06;.
25120 Lleida;Grado de ocupación por plazas;2020M05;.
25120 Lleida;Grado de ocupación por plazas;2020M04;0,00
25120 Lleida;Grado de ocupación por plazas;2020M03;32,26
25120 Lleida;Grado de ocupación por plazas;2020M02;36,76
25120 Lleida;Grado de ocupación por plazas;2020M01;27,09
25120 Lleida;Grado de ocupación por plazas;2019M12;43,65
25120 Lleida;Grado de ocupación por plazas;2019M11;39,47
25120 Lleida;Grado de ocupación por plazas;2019M10;48,66
25120 Lleida;Grado de ocupación por plazas;2019M09;45,02
25120 Lleida;Grado de ocupación por plazas;2019M08;50,57
25120 Lleida;Grado de ocupación por plazas;2019M07;47,79
25120 Lleida;Grado de ocupación por plazas;2019M06;52,44
25120 Lleida;Grado de ocupación por plazas;2019M05;53,04
25120 Lleida;Grado de ocupación por plazas;2019M04;46,44
25120 Lleida;Grado de ocupación por plazas;2019M03;50,45
25120 Lleida;Grado de ocupación por plazas;2019M02;33,03
25120 Lleida;Grado de ocupación por plazas;2019M01;26,44
25120 Lleida;Grado de ocupación por plazas;2018M12;37,89
25120 Lleida;Grado de ocupación por plazas;2018M11;39,25
25120 Lleida;Grado de ocupación por plazas;2018M10;45,47
25120 Lleida;Grado de ocupación por plazas;2018M09;48,63
25120 Lleida;Grado de ocupación por plazas;2018M08;45,99
25120 Lleida;Grado de ocupación por plazas;2018M07;40,49
25120 Lleida;Grado de ocupación por plazas;2018M06;38,60
25120 Lleida;Grado de ocupación por plazas;2018M05;46,03
25120 Lleida;Grado de ocupación por plazas;2018M04;45,08
25120 Lleida;Grado de ocupación por plazas;2018M03;42,78
25120 Lleida;Grado de ocupación por plazas;2018M02;37,01
25120 Lleida;Grado de ocupación por plazas;2018M01;26,22
25243 Vielha e Mijaran;Grado de ocupación por plazas;2026M02;64,36
25243 Vielha e Mijaran;Grado de ocupación por plazas;2026M01;58,24
25243 Vielha e Mijaran;Grado de ocupación por plazas;2025M12;44,40
25243 Vielha e Mijaran;Grado de ocupación por plazas;2025M11;28,66
25243 Vielha e Mijaran;Grado de ocupación por plazas;2025M10;47,30
25243 Vielha e Mijaran;Grado de ocupación por plazas;2025M09;48,22
25243 Vielha e Mijaran;Grado de ocupación por plazas;2025M08;69,93
25243 Vielha e Mijaran;Grado de ocupación por plazas;2025M07;53,05
25243 Vielha e Mijaran;Grado de ocupación por plazas;2025M06;42,50
25243 Vielha e Mijaran;Grado de ocupación por plazas;2025M05;40,05
25243 Vielha e Mijaran;Grado de ocupación por plazas;2025M04;40,90
25243 Vielha e Mijaran;Grado de ocupación por plazas;2025M03;44,09
25243 Vielha e Mijaran;Grado de ocupación por plazas;2025M02;61,90
25243 Vielha e Mijaran;Grado de ocupación por plazas;2025M01;56,32
25243 Vielha e Mijaran;Grado de ocupación por plazas;2024M12;41,93
25243 Vielha e Mijaran;Grado de ocupación por plazas;2024M11;32,72
25243 Vielha e Mijaran;Grado de ocupación por plazas;2024M10;33,19
25243 Vielha e Mijaran;Grado de ocupación por plazas;2024M09;42,70
25243 Vielha e Mijaran;Grado de ocupación por plazas;2024M08;68,06
25243 Vielha e Mijaran;Grado de ocupación por plazas;2024M07;55,66
25243 Vielha e Mijaran;Grado de ocupación por plazas;2024M06;42,13
25243 Vielha e Mijaran;Grado de ocupación por plazas;2024M05;30,04
25243 Vielha e Mijaran;Grado de ocupación por plazas;2024M04;25,07
25243 Vielha e Mijaran;Grado de ocupación por plazas;2024M03;52,28
25243 Vielha e Mijaran;Grado de ocupación por plazas;2024M02;65,70
25243 Vielha e Mijaran;Grado de ocupación por plazas;2024M01;60,26
25243 Vielha e Mijaran;Grado de ocupación por plazas;2023M12;43,29
25243 Vielha e Mijaran;Grado de ocupación por plazas;2023M11;21,56
25243 Vielha e Mijaran;Grado de ocupación por plazas;2023M10;33,30
25243 Vielha e Mijaran;Grado de ocupación por plazas;2023M09;45,66
25243 Vielha e Mijaran;Grado de ocupación por plazas;2023M08;66,75
25243 Vielha e Mijaran;Grado de ocupación por plazas;2023M07;45,84
25243 Vielha e Mijaran;Grado de ocupación por plazas;2023M06;36,12
25243 Vielha e Mijaran;Grado de ocupación por plazas;2023M05;22,35
25243 Vielha e Mijaran;Grado de ocupación por plazas;2023M04;28,44
25243 Vielha e Mijaran;Grado de ocupación por plazas;2023M03;39,37
25243 Vielha e Mijaran;Grado de ocupación por plazas;2023M02;65,88
25243 Vielha e Mijaran;Grado de ocupación por plazas;2023M01;47,07
25243 Vielha e Mijaran;Grado de ocupación por plazas;2022M12;43,04
25243 Vielha e Mijaran;Grado de ocupación por plazas;2022M11;24,38
25243 Vielha e Mijaran;Grado de ocupación por plazas;2022M10;32,64
25243 Vielha e Mijaran;Grado de ocupación por plazas;2022M09;39,86
25243 Vielha e Mijaran;Grado de ocupación por plazas;2022M08;63,39
25243 Vielha e Mijaran;Grado de ocupación por plazas;2022M07;49,10
25243 Vielha e Mijaran;Grado de ocupación por plazas;2022M06;33,30
25243 Vielha e Mijaran;Grado de ocupación por plazas;2022M05;18,30
25243 Vielha e Mijaran;Grado de ocupación por plazas;2022M04;28,37
25243 Vielha e Mijaran;Grado de ocupación por plazas;2022M03;36,80
25243 Vielha e Mijaran;Grado de ocupación por plazas;2022M02;69,32
25243 Vielha e Mijaran;Grado de ocupación por plazas;2022M01;54,95
25243 Vielha e Mijaran;Grado de ocupación por plazas;2021M12;44,54
25243 Vielha e Mijaran;Grado de ocupación por plazas;2021M11;22,10
25243 Vielha e Mijaran;Grado de ocupación por plazas;2021M10;34,72
25243 Vielha e Mijaran;Grado de ocupación por plazas;2021M09;39,20
25243 Vielha e Mijaran;Grado de ocupación por plazas;2021M08;67,17
25243 Vielha e Mijaran;Grado de ocupación por plazas;2021M07;47,99
25243 Vielha e Mijaran;Grado de ocupación por plazas;2021M06;31,01
25243 Vielha e Mijaran;Grado de ocupación por plazas;2021M05;24,51
25243 Vielha e Mijaran;Grado de ocupación por plazas;2021M04;14,67
25243 Vielha e Mijaran;Grado de ocupación por plazas;2021M03;17,64
25243 Vielha e Mijaran;Grado de ocupación por plazas;2021M02;10,41
25243 Vielha e Mijaran;Grado de ocupación por plazas;2021M01;25,74
25243 Vielha e Mijaran;Grado de ocupación por plazas;2020M12;26,28
25243 Vielha e Mijaran;Grado de ocupación por plazas;2020M11;12,20
25243 Vielha e Mijaran;Grado de ocupación por plazas;2020M10;22,18
25243 Vielha e Mijaran;Grado de ocupación por plazas;2020M09;35,68
25243 Vielha e Mijaran;Grado de ocupación por plazas;2020M08;59,72
25243 Vielha e Mijaran;Grado de ocupación por plazas;2020M07;35,44
25243 Vielha e Mijaran;Grado de ocupación por plazas;2020M06;.
25243 Vielha e Mijaran;Grado de ocupación por plazas;2020M05;.
25243 Vielha e Mijaran;Grado de ocupación por plazas;2020M04;0,00
25243 Vielha e Mijaran;Grado de ocupación por plazas;2020M03;34,20
25243 Vielha e Mijaran;Grado de ocupación por plazas;2020M02;53,82
25243 Vielha e Mijaran;Grado de ocupación por plazas;2020M01;43,31
25243 Vielha e Mijaran;Grado de ocupación por plazas;2019M12;46,70
25243 Vielha e Mijaran;Grado de ocupación por plazas;2019M11;20,88
25243 Vielha e Mijaran;Grado de ocupación por plazas;2019M10;29,02
25243 Vielha e Mijaran;Grado de ocupación por plazas;2019M09;38,55
25243 Vielha e Mijaran;Grado de ocupación por plazas;2019M08;65,29
25243 Vielha e Mijaran;Grado de ocupación por plazas;2019M07;42,38
25243 Vielha e Mijaran;Grado de ocupación por plazas;2019M06;36,21
25243 Vielha e Mijaran;Grado de ocupación por plazas;2019M05;20,69
25243 Vielha e Mijaran;Grado de ocupación por plazas;2019M04;25,60
25243 Vielha e Mijaran;Grado de ocupación por plazas;2019M03;45,50
25243 Vielha e Mijaran;Grado de ocupación por plazas;2019M02;58,43
25243 Vielha e Mijaran;Grado de ocupación por plazas;2019M01;38,58
25243 Vielha e Mijaran;Grado de ocupación por plazas;2018M12;44,30
25243 Vielha e Mijaran;Grado de ocupación por plazas;2018M11;23,24
25243 Vielha e Mijaran;Grado de ocupación por plazas;2018M10;30,00
25243 Vielha e Mijaran;Grado de ocupación por plazas;2018M09;42,22
25243 Vielha e Mijaran;Grado de ocupación por plazas;2018M08;67,03
25243 Vielha e Mijaran;Grado de ocupación por plazas;2018M07;44,63
25243 Vielha e Mijaran;Grado de ocupación por plazas;2018M06;28,11
25243 Vielha e Mijaran;Grado de ocupación por plazas;2018M05;.
25243 Vielha e Mijaran;Grado de ocupación por plazas;2018M04;20,79
25243 Vielha e Mijaran;Grado de ocupación por plazas;2018M03;49,66
25243 Vielha e Mijaran;Grado de ocupación por plazas;2018M02;58,89
25243 Vielha e Mijaran;Grado de ocupación por plazas;2018M01;46,54
