edad_rango,ciudad,dias_temporada,estaciones_habituales,dificultad_acceso,hora_llegada,colas,tiempo_colas,valoracion,mejoras_sugeridas,mejor_estacion,utilidad_app,features_app,mejor_estacion_limpia,mejor_estacion_norm,estaciones_habituales_limpia,estaciones_habituales_norm,hab_baqueira_beret,hab_formigal_panticosa,hab_astun_candanchu,hab_sierra_nevada,hab_valdesqui,hab_la_molina_masella,hab_cerler,hab_port_aine,hab_san_isidro,hab_llanos_hospital,hab_navafria,hab_ezcaray,hab_xanadu,hab_alto_campoo,hab_javalambre,hab_la_pinilla,hab_valdelinares,hab_puerto_navacerrada,hab_aramon,hab_extranjero,edad_escala,dias_temporada_limpia,dias_escala,hora_llegada_escala,dificultad_acceso_escala,colas_escala,tiempo_colas_escala,utilidad_app_escala
18-30 años,Madrid,8-15 días,"Baqueira/Beret, Sierra Nevada",Nunca,Antes de las 8:00,A veces,30-60 min,5,"Precio de forfaits, Comunicación del estado de pistas",Baqueira,"Sí, algo",,Baqueira,Baqueira/Beret,"Baqueira/Beret, Sierra Nevada","Baqueira/Beret, Sierra Nevada",1,0,0,1,0,0,0,0,0,0,0,0,0,0,0,0,0,0,0,0,2,8-15 días,3,1,0,1,3,2
18-30 años,Madrid,4-7 días,"Baqueira/Beret, Formigal/Panticosa",A veces,Entre las 8:00 y las 9:00,Frecuentemente,30-60 min,4,"Gestión de colas en remontes, Información sobre afluencia, Precio de forfaits, Comunicación del estado de pistas",Formigal,"Sí, mucho",,Formigal,Formigal/Panticosa,"Baqueira/Beret, Formigal/Panticosa","Baqueira/Beret, Formigal/Panticosa",1,1,0,0,0,0,0,0,0,0,0,0,0,0,0,0,0,0,0,0,2,4-7 días,2,2,1,2,3,3
18-30 años,Madrid,1-3 días,Formigal/Panticosa,A veces,Entre las 8:00 y las 9:00,A veces,30-60 min,3,"Gestión de colas en remontes, Precio de forfaits, Comunicación del estado de pistas",Formigal,"Sí, mucho",Tiempo aproximado de espera en cada telesilla,Formigal,Formigal/Panticosa,Formigal/Panticosa,Formigal/Panticosa,0,1,0,0,0,0,0,0,0,0,0,0,0,0,0,0,0,0,0,0,2,1-3 días,1,2,1,1,3,3
18-30 años,Madrid,Más de 20 días,"Astún/Candanchú, Sierra Nevada",A veces,Antes de las 8:00,A veces,Más de 1 hora,3,"Gestión de colas en remontes, Precio de forfaits, Comunicación del estado de pistas",Cerler,"Sí, mucho",% de ocupación de la estación,Cerler,Cerler,"Astún/Candanchú, Sierra Nevada","Astún/Candanchú, Sierra Nevada",0,0,1,1,0,0,0,0,0,0,0,0,0,0,0,0,0,0,0,0,2,16+ días,4,1,1,1,4,3
18-30 años,Madrid,1-3 días,Formigal/Panticosa,A veces,Antes de las 8:00,A veces,10-30 min,4,"Precio de forfaits, Comunicación del estado de pistas",no se ,"Sí, mucho",precios y horarios,no se,No lo sé,Formigal/Panticosa,Formigal/Panticosa,0,1,0,0,0,0,0,0,0,0,0,0,0,0,0,0,0,0,0,0,2,1-3 días,1,1,1,1,2,3
18-30 años,Madrid,1-3 días,"Baqueira/Beret, Formigal/Panticosa, Astún/Candanchú",A veces,Entre las 8:00 y las 9:00,A veces,10-30 min,4,"Control de acceso y parking, Precio de forfaits",Baqueira/Beret,"Sí, mucho",Todo,Baqueira/Beret,Baqueira/Beret,"Baqueira/Beret, Formigal/Panticosa, Astún/Candanchú","Baqueira/Beret, Formigal/Panticosa, Astún/Candanchú",1,1,1,0,0,0,0,0,0,0,0,0,0,0,0,0,0,0,0,0,2,1-3 días,1,2,1,1,2,3
18-30 años,Madrid,1-3 días,Ezcaray,A veces,Antes de las 8:00,A veces,10-30 min,3,"Gestión de colas en remontes, Control de acceso y parking, Información sobre afluencia, Precio de forfaits, Comunicación del estado de pistas",No se 🥲,"Sí, mucho","Afluencia de gente, estado de las pistas, recomendaciones y precios de forfaits",No se,No lo sé,Ezcaray,Ezcaray,0,0,0,0,0,0,0,0,0,0,0,1,0,0,0,0,0,0,0,0,2,1-3 días,1,1,1,1,2,3
46-60 años,Madrid,8-15 días,"Formigal/Panticosa, Astún/Candanchú",Frecuentemente,Entre las 8:00 y las 9:00,A veces,10-30 min,2,"Gestión de colas en remontes, Control de acceso y parking, mejora de carreteras de acceso por problemas en días de nieve en calzada",formigal,"Sí, mucho","Información del estado de pistas, afluencia por zonas, estado carreteras",formigal,Formigal/Panticosa,"Formigal/Panticosa, Astún/Candanchú","Formigal/Panticosa, Astún/Candanchú",0,1,1,0,0,0,0,0,0,0,0,0,0,0,0,0,0,0,0,0,4,8-15 días,3,2,2,1,2,3
18-30 años,Madrid,Más de 25 días,"Astún/Candanchú, Sierra Nevada, Valdesquí",Frecuentemente,Entre las 8:00 y las 9:00,Frecuentemente,30-60 min,2,"Información sobre afluencia, Precio de forfaits",🤷‍♂️,"Sí, mucho","IdicaR dificultad de las pistas a las que acceder con los remontes, estimacion de la afluencia media en los remontes y cantidad aproximada de personas a tiempo real en los remontes",,No lo sé,"Astún/Candanchú, Sierra Nevada, Valdesquí","Astún/Candanchú, Sierra Nevada, Valdesquí",0,0,1,1,1,0,0,0,0,0,0,0,0,0,0,0,0,0,0,0,2,16+ días,4,2,2,2,3,3
18-30 años,Madrid,1-3 días,Astún/Candanchú,A veces,Entre las 8:00 y las 9:00,A veces,10-30 min,4,"Gestión de colas en remontes, Información sobre afluencia, Precio de forfaits",Astún ,"Sí, mucho",,Astún,Astún/Candanchú,Astún/Candanchú,Astún/Candanchú,0,0,1,0,0,0,0,0,0,0,0,0,0,0,0,0,0,0,0,0,2,1-3 días,1,2,1,1,2,3
46-60 años,Galicia,4-7 días,Baqueira/Beret,Nunca,Entre las 9:00 y las 10:00,Frecuentemente,10-30 min,4,Gestión de colas en remontes,Baqueira,"Sí, algo",Remontes con menos cola por distancia a la que se encuentran,Baqueira,Baqueira/Beret,Baqueira/Beret,Baqueira/Beret,1,0,0,0,0,0,0,0,0,0,0,0,0,0,0,0,0,0,0,0,4,4-7 días,2,3,0,2,2,2
31-45 años,Madrid,4-7 días,"Sierra Nevada, Valdesquí",Frecuentemente,Antes de las 8:00,Frecuentemente,Más de 1 hora,3,"Gestión de colas en remontes, Control de acceso y parking","En españa, pocas","Sí, mucho","Con niños, distancias en general","En españa, pocas",Ninguna,"Sierra Nevada, Valdesquí","Sierra Nevada, Valdesquí",0,0,0,1,1,0,0,0,0,0,0,0,0,0,0,0,0,0,0,0,3,4-7 días,2,1,2,2,4,3
18-30 años,Madrid,Más de 25 días,Sierra Nevada,Frecuentemente,Antes de las 8:00,Frecuentemente,10-30 min,3,"Gestión de colas en remontes, Información sobre afluencia, Precio de forfaits",Baqueira Beret,"Sí, mucho","La información relevante de la afluencia en pistas, ocupación del parking, precios y tipos de forfait, etc",Baqueira Beret,Baqueira/Beret,Sierra Nevada,Sierra Nevada,0,0,0,1,0,0,0,0,0,0,0,0,0,0,0,0,0,0,0,0,2,16+ días,4,1,2,2,2,3
31-45 años,Madrid,4-7 días,"Astún/Candanchú, Grandvalira",A veces,Entre las 8:00 y las 9:00,Frecuentemente,30-60 min,3,"Gestión de colas en remontes, Control de acceso y parking, Precio de forfaits",Grandvalira ,"Sí, algo",Ocupación de los parking gratuitos de Astún y Candanchú. En el caso de Grandvalira itinerarios rápido cuando cierran colas o remontes,Grandvalira,Extranjero,"Astún/Candanchú, Grandvalira","Astún/Candanchú, Extranjero",0,0,1,0,0,0,0,0,0,0,0,0,0,0,0,0,0,0,0,1,3,4-7 días,2,2,1,2,3,2
31-45 años,Madrid,4-7 días,Formigal/Panticosa,Frecuentemente,Entre las 8:00 y las 9:00,Siempre,30-60 min,2,"Gestión de colas en remontes, Control de acceso y parking, Información sobre afluencia, Precio de forfaits",Formigal,"Sí, mucho",Estado del parking y tips para esperar menos en base a la situación actual,Formigal,Formigal/Panticosa,Formigal/Panticosa,Formigal/Panticosa,0,1,0,0,0,0,0,0,0,0,0,0,0,0,0,0,0,0,0,0,3,4-7 días,2,2,2,3,3,3
31-45 años,Madrid,4-7 días,"Formigal/Panticosa, Valdesquí",Frecuentemente,Entre las 8:00 y las 9:00,A veces,10-30 min,3,"Gestión de colas en remontes, Control de acceso y parking, Información sobre afluencia",Aramon,"Sí, mucho",,Aramon,Aramón,"Formigal/Panticosa, Valdesquí","Formigal/Panticosa, Valdesquí",0,1,0,0,1,0,0,0,0,0,0,0,0,0,0,0,0,0,0,0,3,4-7 días,2,2,2,1,2,3
Menos de 18 años,Madrid,8-15 días,"Sierra Nevada, La Molina / Masella, Valdesquí",Frecuentemente,Antes de las 8:00,Frecuentemente,30-60 min,2,"Gestión de colas en remontes, Información sobre afluencia, Comunicación del estado de pistas",baqueira,"Sí, mucho",,baqueira,Baqueira/Beret,"Sierra Nevada, La Molina / Masella, Valdesquí","Sierra Nevada, La Molina/Masella, Valdesquí",0,0,0,1,1,1,0,0,0,0,0,0,0,0,0,0,0,0,0,0,1,8-15 días,3,1,2,2,3,3
18-30 años,Madrid,1-3 días,Formigal/Panticosa,Nunca,Entre las 8:00 y las 9:00,A veces,10-30 min,4,"Gestión de colas en remontes, Información sobre afluencia, Precio de forfaits",Formigal,"Sí, mucho",,Formigal,Formigal/Panticosa,Formigal/Panticosa,Formigal/Panticosa,0,1,0,0,0,0,0,0,0,0,0,0,0,0,0,0,0,0,0,0,2,1-3 días,1,2,0,1,2,3
31-45 años,Madrid,Más de 25 días,"Baqueira/Beret, Formigal/Panticosa",Siempre,Entre las 8:00 y las 9:00,Frecuentemente,Más de 1 hora,5,"Gestión de colas en remontes, Control de acceso y parking, Información sobre afluencia, Precio de forfaits, Comunicación del estado de pistas",En España ninguna ,"Sí, mucho",,En España ninguna,Ninguna,"Baqueira/Beret, Formigal/Panticosa","Baqueira/Beret, Formigal/Panticosa",1,1,0,0,0,0,0,0,0,0,0,0,0,0,0,0,0,0,0,0,3,16+ días,4,2,3,2,4,3
18-30 años,Madrid,8-15 días,"Baqueira/Beret, Formigal/Panticosa, Sierra Nevada, Valdesquí",A veces,Entre las 8:00 y las 9:00,Siempre,Más de 1 hora,1,"Gestión de colas en remontes, Control de acceso y parking, Información sobre afluencia, Precio de forfaits, Comunicación del estado de pistas",Baqueira,"Sí, mucho",,Baqueira,Baqueira/Beret,"Baqueira/Beret, Formigal/Panticosa, Sierra Nevada, Valdesquí","Baqueira/Beret, Formigal/Panticosa, Sierra Nevada, Valdesquí",1,1,0,1,1,0,0,0,0,0,0,0,0,0,0,0,0,0,0,0,2,8-15 días,3,2,1,3,4,3
Más de 60 años,Madrid,8-15 días,"Formigal/Panticosa, Cerler, Valdesquí",Frecuentemente,Entre las 8:00 y las 9:00,Frecuentemente,30-60 min,2,"Gestión de colas en remontes, Control de acceso y parking, Precio de forfaits, Comunicación del estado de pistas",Cerler,"Sí, algo",,Cerler,Cerler,"Formigal/Panticosa, Cerler, Valdesquí","Formigal/Panticosa, Cerler, Valdesquí",0,1,0,0,1,0,1,0,0,0,0,0,0,0,0,0,0,0,0,0,5,8-15 días,3,2,2,2,3,2
Más de 60 años,Madrid,8-15 días,"Formigal/Panticosa, Sierra Nevada, La Molina / Masella, Cerler",Frecuentemente,Antes de las 8:00,Frecuentemente,Más de 1 hora,2,"Gestión de colas en remontes, Control de acceso y parking, Precio de forfaits",Ninguna ,"Sí, mucho",,Ninguna,Ninguna,"Formigal/Panticosa, Sierra Nevada, La Molina / Masella, Cerler","Formigal/Panticosa, Sierra Nevada, La Molina/Masella, Cerler",0,1,0,1,0,1,1,0,0,0,0,0,0,0,0,0,0,0,0,0,5,8-15 días,3,1,2,2,4,3
46-60 años,Castilla y León,1-3 días,GRANDVALIRA,A veces,Entre las 9:00 y las 10:00,A veces,Menos de 10 min,4,"Precio de forfaits, Comunicación del estado de pistas",GRANDVALIRA,"Sí, algo",EL ESTADO DE LAS PISTAS Y ESPESOR REAL,GRANDVALIRA,Extranjero,GRANDVALIRA,Extranjero,0,0,0,0,0,0,0,0,0,0,0,0,0,0,0,0,0,0,0,1,4,1-3 días,1,3,1,1,1,2
Más de 60 años,Madrid,8-15 días,Cerler,A veces,Entre las 9:00 y las 10:00,A veces,10-30 min,3,"Control de acceso y parking, Precio de forfaits",Cerler,"Sí, algo",La situación y tiempo real,Cerler,Cerler,Cerler,Cerler,0,0,0,0,0,0,1,0,0,0,0,0,0,0,0,0,0,0,0,0,5,8-15 días,3,3,1,1,2,2
Menos de 18 años,Madrid,Más de 25 días,"Baqueira/Beret, Sierra Nevada, Valdesquí",A veces,Entre las 8:00 y las 9:00,Frecuentemente,Más de 1 hora,2,"Gestión de colas en remontes, Control de acceso y parking, Comunicación del estado de pistas",Baqueira,"Sí, mucho",El estado de los parkings,Baqueira,Baqueira/Beret,"Baqueira/Beret, Sierra Nevada, Valdesquí","Baqueira/Beret, Sierra Nevada, Valdesquí",1,0,0,1,1,0,0,0,0,0,0,0,0,0,0,0,0,0,0,0,1,16+ días,4,2,1,2,4,3
46-60 años,Madrid,8-15 días,Grandvalira,Nunca,Entre las 8:00 y las 9:00,A veces,30-60 min,3,"Precio de forfaits, Comunicación del estado de pistas",Candanchu,"Sí, mucho","Estado de las pistas, de remontes, de restaurantes y tiempo aprox de espera en remontes",Candanchu,Astún/Candanchú,Grandvalira,Extranjero,0,0,0,0,0,0,0,0,0,0,0,0,0,0,0,0,0,0,0,1,4,8-15 días,3,2,0,1,3,3
46-60 años,Madrid,8-15 días,"Astún/Candanchú, Sierra Nevada",Frecuentemente,Entre las 8:00 y las 9:00,A veces,30-60 min,3,"Gestión de colas en remontes, Control de acceso y parking, Precio de forfaits",Sierra Nevada ,"Sí, mucho","Tiempos de espera, estado de las pistas",Sierra Nevada,Sierra Nevada,"Astún/Candanchú, Sierra Nevada","Astún/Candanchú, Sierra Nevada",0,0,1,1,0,0,0,0,0,0,0,0,0,0,0,0,0,0,0,0,4,8-15 días,3,2,2,1,3,3
46-60 años,Madrid,4-7 días,"Formigal/Panticosa, Astún/Candanchú",A veces,Entre las 8:00 y las 9:00,Siempre,30-60 min,2,"Gestión de colas en remontes, Control de acceso y parking, Precio de forfaits",ninguna,"Sí, mucho","el parking- colas-: remontes abiertos, estado pista",ninguna,Ninguna,"Formigal/Panticosa, Astún/Candanchú","Formigal/Panticosa, Astún/Candanchú",0,1,1,0,0,0,0,0,0,0,0,0,0,0,0,0,0,0,0,0,4,4-7 días,2,2,1,3,3,3
46-60 años,Madrid,8-15 días,"Baqueira/Beret, Astún/Candanchú, Cerler, Valdesquí",A veces,Entre las 8:00 y las 9:00,Frecuentemente,Más de 1 hora,2,"Gestión de colas en remontes, Precio de forfaits",Baqueira,No lo sé,,Baqueira,Baqueira/Beret,"Baqueira/Beret, Astún/Candanchú, Cerler, Valdesquí","Baqueira/Beret, Astún/Candanchú, Cerler, Valdesquí",1,0,1,0,1,0,1,0,0,0,0,0,0,0,0,0,0,0,0,0,4,8-15 días,3,2,1,2,4,1
Menos de 18 años,Madrid,Más de 25 días,"Baqueira/Beret, Sierra Nevada",A veces,Entre las 8:00 y las 9:00,Frecuentemente,Más de 1 hora,3,"Gestión de colas en remontes, Renovación de remontes",Cerler,"Sí, mucho",,Cerler,Cerler,"Baqueira/Beret, Sierra Nevada","Baqueira/Beret, Sierra Nevada",1,0,0,1,0,0,0,0,0,0,0,0,0,0,0,0,0,0,0,0,1,16+ días,4,2,1,2,4,3
46-60 años,Madrid,4-7 días,Grandvarila,Nunca,Entre las 8:00 y las 9:00,A veces,10-30 min,4,"Precio de forfaits, Comunicación del estado de pistas",Formigal ,"Sí, mucho",Justo tiempo de espera y calidad de nieve en pistas,Formigal,Formigal/Panticosa,Grandvarila,Extranjero,0,0,0,0,0,0,0,0,0,0,0,0,0,0,0,0,0,0,0,1,4,4-7 días,2,2,0,1,2,3
46-60 años,Madrid,8-15 días,"Baqueira/Beret, Formigal/Panticosa, Astún/Candanchú, La Molina / Masella, Valdesquí",Frecuentemente,Entre las 8:00 y las 9:00,Siempre,Más de 1 hora,1,"Gestión de colas en remontes, Control de acceso y parking, Información sobre afluencia, Precio de forfaits, Comunicación del estado de pistas, Precios para familia",Andorra ,"Sí, mucho",,Andorra,Extranjero,"Baqueira/Beret, Formigal/Panticosa, Astún/Candanchú, La Molina / Masella, Valdesquí","Baqueira/Beret, Formigal/Panticosa, Astún/Candanchú, La Molina/Masella, Valdesquí",1,1,1,0,1,1,0,0,0,0,0,0,0,0,0,0,0,0,0,0,4,8-15 días,3,2,2,3,4,3
Menos de 18 años,Madrid,8-15 días,"Astún/Candanchú, Cerler, varias de andorra",A veces,Entre las 8:00 y las 9:00,A veces,30-60 min,3,Control de acceso y parking,grandvallira,"Sí, mucho","pistas abiertas, su estado, remontes abiertos y su estado.",grandvallira,Extranjero,"Astún/Candanchú, Cerler, varias de andorra","Astún/Candanchú, Cerler, Extranjero",0,0,1,0,0,0,1,0,0,0,0,0,0,0,0,0,0,0,0,1,1,8-15 días,3,2,1,1,3,3
Menos de 18 años,Madrid,Más de 25 días,Sierra Nevada,Frecuentemente,Antes de las 8:00,Frecuentemente,30-60 min,3,"Gestión de colas en remontes, Precio de forfaits",baqueira ,"Sí, mucho","el tiempo real de las colas, cantidad de gente en la estación, el espacio libre de parking, etc.",baqueira,Baqueira/Beret,Sierra Nevada,Sierra Nevada,0,0,0,1,0,0,0,0,0,0,0,0,0,0,0,0,0,0,0,0,1,16+ días,4,1,2,2,3,3
Menos de 18 años,Madrid,8-15 días,Formigal/Panticosa,Nunca,Entre las 8:00 y las 9:00,Frecuentemente,30-60 min,3,"Gestión de colas en remontes, Precio de forfaits, Comunicación del estado de pistas",Avoriaz ,"Sí, mucho",,Avoriaz,Extranjero,Formigal/Panticosa,Formigal/Panticosa,0,1,0,0,0,0,0,0,0,0,0,0,0,0,0,0,0,0,0,0,1,8-15 días,3,2,0,2,3,3
Más de 60 años,Madrid,16-24 días,"Baqueira/Beret, Formigal/Panticosa, Sierra Nevada, Cerler, Valdesquí",Frecuentemente,Entre las 8:00 y las 9:00,Frecuentemente,30-60 min,3,"Gestión de colas en remontes, Control de acceso y parking",Baqueira ,"Sí, mucho",Si,Baqueira,Baqueira/Beret,"Baqueira/Beret, Formigal/Panticosa, Sierra Nevada, Cerler, Valdesquí","Baqueira/Beret, Formigal/Panticosa, Sierra Nevada, Cerler, Valdesquí",1,1,0,1,1,0,1,0,0,0,0,0,0,0,0,0,0,0,0,0,5,16+ días,4,2,2,2,3,3
46-60 años,Madrid,8-15 días,Baqueira/Beret,Nunca,Entre las 9:00 y las 10:00,A veces,10-30 min,1,"Gestión de colas en remontes, Información sobre afluencia, Precio de forfaits",Baqueira,"Sí, mucho",Sí,Baqueira,Baqueira/Beret,Baqueira/Beret,Baqueira/Beret,1,0,0,0,0,0,0,0,0,0,0,0,0,0,0,0,0,0,0,0,4,8-15 días,3,3,0,1,2,3
Más de 60 años,California,Más de 25 días,Palisades Tahoe ,Frecuentemente,Antes de las 8:00,Frecuentemente,30-60 min,3,"Gestión de colas en remontes, Control de acceso y parking, Información sobre afluencia",No tengo información en España ,"Sí, mucho","Ya tenemos esa aplicación en Palisades Tahoe. Muestra estado de pistas, tiempos en las colas de los remontes, parking. El parking se gestiona haciendo reservas los miércoles, si no utilizas tu plaza el dia?de reserva y mo la cancelas antes de las 7 de la mañana del dia reservado, no te deja hacer reserva durante dis fines de semana.",No tengo información en España,No lo sé,Palisades Tahoe,Extranjero,0,0,0,0,0,0,0,0,0,0,0,0,0,0,0,0,0,0,0,1,5,16+ días,4,1,2,2,3,3
Más de 60 años,Madrid,8-15 días,Baqueira/Beret,A veces,Entre las 8:00 y las 9:00,Frecuentemente,Más de 1 hora,2,"Gestión de colas en remontes, Control de acceso y parking, Información sobre afluencia",Grand valira,"Sí, mucho",Cámara instantánea sobre situación colas,Grand valira,Extranjero,Baqueira/Beret,Baqueira/Beret,1,0,0,0,0,0,0,0,0,0,0,0,0,0,0,0,0,0,0,0,5,8-15 días,3,2,1,2,4,3
18-30 años,Madrid,4-7 días,"Formigal/Panticosa, Astún/Candanchú",A veces,Entre las 8:00 y las 9:00,Frecuentemente,10-30 min,2,"Gestión de colas en remontes, Control de acceso y parking, Información sobre afluencia, Precio de forfaits, Comunicación del estado de pistas",Formigal ,"Sí, algo",Huecos restantes en el parking,Formigal,Formigal/Panticosa,"Formigal/Panticosa, Astún/Candanchú","Formigal/Panticosa, Astún/Candanchú",0,1,1,0,0,0,0,0,0,0,0,0,0,0,0,0,0,0,0,0,2,4-7 días,2,2,1,2,2,2
46-60 años,Madrid,8-15 días,"Astún/Candanchú, Sierra Nevada, Valdesquí",A veces,Entre las 8:00 y las 9:00,Frecuentemente,30-60 min,2,"Gestión de colas en remontes, Precio de forfaits",Astun,"Sí, mucho","calidad nieve, grado de ocupación de las pistas y de los remontes",Astun,Astún/Candanchú,"Astún/Candanchú, Sierra Nevada, Valdesquí","Astún/Candanchú, Sierra Nevada, Valdesquí",0,0,1,1,1,0,0,0,0,0,0,0,0,0,0,0,0,0,0,0,4,8-15 días,3,2,1,2,3,3
Más de 60 años,Madrid,4-7 días,"Baqueira/Beret, Formigal/Panticosa, Valdesquí",Frecuentemente,Entre las 8:00 y las 9:00,Frecuentemente,10-30 min,2,"Gestión de colas en remontes, Control de acceso y parking, Información sobre afluencia, Precio de forfaits",Baqueira,"Sí, mucho","Un poco de todo, estado de la nieve, previsión, afluencia,",Baqueira,Baqueira/Beret,"Baqueira/Beret, Formigal/Panticosa, Valdesquí","Baqueira/Beret, Formigal/Panticosa, Valdesquí",1,1,0,0,1,0,0,0,0,0,0,0,0,0,0,0,0,0,0,0,5,4-7 días,2,2,2,2,2,3
Más de 60 años,Madrid,4-7 días,"Baqueira/Beret, Valdesquí",Frecuentemente,Entre las 9:00 y las 10:00,Frecuentemente,30-60 min,3,"Control de acceso y parking, Información sobre afluencia",Baqueira ,"Sí, mucho",Zonas congestionadas,Baqueira,Baqueira/Beret,"Baqueira/Beret, Valdesquí","Baqueira/Beret, Valdesquí",1,0,0,0,1,0,0,0,0,0,0,0,0,0,0,0,0,0,0,0,5,4-7 días,2,3,2,2,3,3
Más de 60 años,Madrid,4-7 días,"Valdesquí, Andorra",Frecuentemente,Después de las 10:00,A veces,Más de 1 hora,1,Control de acceso y parking,No se,"Sí, mucho",Accesos y parking,No se,No lo sé,"Valdesquí, Andorra","Valdesquí, Extranjero",0,0,0,0,1,0,0,0,0,0,0,0,0,0,0,0,0,0,0,1,5,4-7 días,2,4,2,1,4,3
Menos de 18 años,Madrid,Más de 25 días,"Baqueira/Beret, Formigal/Panticosa, Astún/Candanchú, Sierra Nevada, La Molina / Masella, Cerler, Valdesquí, Suiza",Frecuentemente,Entre las 8:00 y las 9:00,A veces,Más de 1 hora,1,"Gestión de colas en remontes, Control de acceso y parking, Precio de forfaits",Las de Colorado (USA),"Sí, mucho",,Las de Colorado (USA),Extranjero,"Baqueira/Beret, Formigal/Panticosa, Astún/Candanchú, Sierra Nevada, La Molina / Masella, Cerler, Valdesquí, Suiza","Baqueira/Beret, Formigal/Panticosa, Astún/Candanchú, Sierra Nevada, La Molina/Masella, Cerler, Valdesquí, Extranjero",1,1,1,1,1,1,1,0,0,0,0,0,0,0,0,0,0,0,0,1,1,16+ días,4,2,2,1,4,3
46-60 años,Madrid,Más de 25 días,"Baqueira/Beret, Formigal/Panticosa, Astún/Candanchú, Sierra Nevada, La Molina / Masella, Valdesquí",Frecuentemente,Antes de las 8:00,Frecuentemente,Más de 1 hora,2,"Gestión de colas en remontes, Control de acceso y parking, Información sobre afluencia, Precio de forfaits",Sierra nevada ,"Sí, mucho",Tiempo de espera en las colas  número de forfaits vendidos al día,Sierra nevada,Sierra Nevada,"Baqueira/Beret, Formigal/Panticosa, Astún/Candanchú, Sierra Nevada, La Molina / Masella, Valdesquí","Baqueira/Beret, Formigal/Panticosa, Astún/Candanchú, Sierra Nevada, La Molina/Masella, Valdesquí",1,1,1,1,1,1,0,0,0,0,0,0,0,0,0,0,0,0,0,0,4,16+ días,4,1,2,2,4,3
46-60 años,Madrid,16-24 días,"Baqueira/Beret, Formigal/Panticosa, Astún/Candanchú, Sierra Nevada, Valdesquí, En los Alpes",A veces,Entre las 8:00 y las 9:00,Frecuentemente,Más de 1 hora,2,"Gestión de colas en remontes, Control de acceso y parking, Información sobre afluencia, Precio de forfaits, Comunicación del estado de pistas, Acceso a pistas desde los sitios de hospedaje",Baqueira,"Sí, mucho","La afluencia de gente, el tiempo, formas de acceso",Baqueira,Baqueira/Beret,"Baqueira/Beret, Formigal/Panticosa, Astún/Candanchú, Sierra Nevada, Valdesquí, En los Alpes","Baqueira/Beret, Formigal/Panticosa, Astún/Candanchú, Sierra Nevada, Valdesquí, Extranjero",1,1,1,1,1,0,0,0,0,0,0,0,0,0,0,0,0,0,0,1,4,16+ días,4,2,1,2,4,3
46-60 años,Madrid,4-7 días,"Baqueira/Beret, Formigal/Panticosa",Frecuentemente,Entre las 8:00 y las 9:00,Frecuentemente,10-30 min,2,"Gestión de colas en remontes, Control de acceso y parking, Precio de forfaits",Baqueira ,"Sí, mucho",Estado de nieve afluencia de gente duración colas en telesilla,Baqueira,Baqueira/Beret,"Baqueira/Beret, Formigal/Panticosa","Baqueira/Beret, Formigal/Panticosa",1,1,0,0,0,0,0,0,0,0,0,0,0,0,0,0,0,0,0,0,4,4-7 días,2,2,2,2,2,3
Más de 60 años,Madrid,Más de 25 días,"Baqueira/Beret, Formigal/Panticosa, Astún/Candanchú, Sierra Nevada, La Pinilla",A veces,Antes de las 8:00,A veces,30-60 min,2,"Gestión de colas en remontes, Control de acceso y parking",Baqueira,"Sí, mucho","Aforo en tiempo real, condiciones reales de la nieve en cada cota, remontes con más cola.",Baqueira,Baqueira/Beret,"Baqueira/Beret, Formigal/Panticosa, Astún/Candanchú, Sierra Nevada, La Pinilla","Baqueira/Beret, Formigal/Panticosa, Astún/Candanchú, Sierra Nevada, La Pinilla",1,1,1,1,0,0,0,0,0,0,0,0,0,0,0,1,0,0,0,0,5,16+ días,4,1,1,1,3,3
Más de 60 años,Comunidad Valenciana,16-24 días,"Formigal/Panticosa, Astún/Candanchú, Sierra Nevada",Siempre,Entre las 8:00 y las 9:00,Frecuentemente,Más de 1 hora,5,"Información sobre afluencia, Precio de forfaits",Sierra Nevada ,"Sí, mucho",,Sierra Nevada,Sierra Nevada,"Formigal/Panticosa, Astún/Candanchú, Sierra Nevada","Formigal/Panticosa, Astún/Candanchú, Sierra Nevada",0,1,1,1,0,0,0,0,0,0,0,0,0,0,0,0,0,0,0,0,5,16+ días,4,2,3,2,4,3
18-30 años,Madrid,4-7 días,"Baqueira/Beret, Formigal/Panticosa",Frecuentemente,Entre las 8:00 y las 9:00,A veces,10-30 min,2,"Gestión de colas en remontes, Control de acceso y parking, Precio de forfaits",Baqueira,"Sí, mucho",,Baqueira,Baqueira/Beret,"Baqueira/Beret, Formigal/Panticosa","Baqueira/Beret, Formigal/Panticosa",1,1,0,0,0,0,0,0,0,0,0,0,0,0,0,0,0,0,0,0,2,4-7 días,2,2,2,1,2,3
46-60 años,Madrid,Más de 25 días,Baqueira/Beret,Nunca,Entre las 8:00 y las 9:00,Nunca,Menos de 10 min,4,Preparación de las pistas,Baqueira,"Sí, mucho",El estado de las pistas. La afluencia.,Baqueira,Baqueira/Beret,Baqueira/Beret,Baqueira/Beret,1,0,0,0,0,0,0,0,0,0,0,0,0,0,0,0,0,0,0,0,4,16+ días,4,2,0,0,1,3
Más de 60 años,Madrid,8-15 días,Sierra Nevada,Siempre,Antes de las 8:00,Siempre,Más de 1 hora,1,"Gestión de colas en remontes, Control de acceso y parking, Información sobre afluencia, Precio de forfaits",Ninguna ,"Sí, mucho","Tiempo espera , afluencia",Ninguna,Ninguna,Sierra Nevada,Sierra Nevada,0,0,0,1,0,0,0,0,0,0,0,0,0,0,0,0,0,0,0,0,5,8-15 días,3,1,3,3,4,3
18-30 años,Amsterdam,8-15 días,Las Tres Valles,Nunca,Entre las 8:00 y las 9:00,A veces,10-30 min,4,Información sobre afluencia,Los 3 Valles,"Sí, mucho","Densidad de edquiadored esperadas en pistas, remontes y conexiones",Los 3 Valles,Extranjero,Las Tres Valles,Extranjero,0,0,0,0,0,0,0,0,0,0,0,0,0,0,0,0,0,0,0,1,2,8-15 días,3,2,0,1,2,3
Más de 60 años,Madrid,4-7 días,"Cerler, Alpes, granvalira",Nunca,Después de las 10:00,A veces,10-30 min,3,"Gestión de colas en remontes, Control de acceso y parking, Información sobre afluencia",Cerler,"Sí, mucho",Mapa como Google maps traffic,Cerler,Cerler,"Cerler, Alpes, granvalira","Cerler, Extranjero",0,0,0,0,0,0,1,0,0,0,0,0,0,0,0,0,0,0,0,1,5,4-7 días,2,4,0,1,2,3
18-30 años,Madrid,4-7 días,"Baqueira/Beret, Formigal/Panticosa, Astún/Candanchú",A veces,Entre las 8:00 y las 9:00,A veces,10-30 min,4,"Gestión de colas en remontes, Control de acceso y parking, Información sobre afluencia, Precio de forfaits, Comunicación del estado de pistas","a las que voy, bastante similar ","Sí, mucho","El estado de las pistas, los remontes abiertos, la afluencia, la capacidad y ocupación de los parkings, y el tiempo estimado de colas; a tiempo real","a las que voy, bastante similar",,"Baqueira/Beret, Formigal/Panticosa, Astún/Candanchú","Baqueira/Beret, Formigal/Panticosa, Astún/Candanchú",1,1,1,0,0,0,0,0,0,0,0,0,0,0,0,0,0,0,0,0,2,4-7 días,2,2,1,1,2,3
46-60 años,Madrid,4-7 días,"Formigal/Panticosa, Astún/Candanchú",Frecuentemente,Entre las 8:00 y las 9:00,Frecuentemente,30-60 min,2,"Gestión de colas en remontes, Control de acceso y parking, Información sobre afluencia, Comunicación del estado de pistas",Astun ,"Sí, mucho",El detalke por remontes y pistas pra poder ekegir en cada momento donde ir. Y cualquier incidente relevante,Astun,Astún/Candanchú,"Formigal/Panticosa, Astún/Candanchú","Formigal/Panticosa, Astún/Candanchú",0,1,1,0,0,0,0,0,0,0,0,0,0,0,0,0,0,0,0,0,4,4-7 días,2,2,2,2,3,3
Menos de 18 años,Madrid,Más de 25 días,Formigal/Panticosa,A veces,Entre las 8:00 y las 9:00,A veces,30-60 min,3,"Gestión de colas en remontes, Precio de forfaits",Formigal,"Sí, mucho","Me gustaría que mostrase tanto el tiempo de espera en sillas y arrastres, como el estado de cada pista.",Formigal,Formigal/Panticosa,Formigal/Panticosa,Formigal/Panticosa,0,1,0,0,0,0,0,0,0,0,0,0,0,0,0,0,0,0,0,0,1,16+ días,4,2,1,1,3,3
46-60 años,Madrid,4-7 días,"Formigal/Panticosa, Cerler",A veces,Entre las 8:00 y las 9:00,A veces,30-60 min,2,"Información sobre afluencia, Comunicación del estado de pistas",Cerler,"Sí, mucho",Tiempo de espera y estado de la pista,Cerler,Cerler,"Formigal/Panticosa, Cerler","Formigal/Panticosa, Cerler",0,1,0,0,0,0,1,0,0,0,0,0,0,0,0,0,0,0,0,0,4,4-7 días,2,2,1,1,3,3
18-30 años,Madrid,4-7 días,"Baqueira/Beret, Pas de la Casa ",A veces,Entre las 8:00 y las 9:00,Frecuentemente,30-60 min,4,Gestión de colas en remontes,Pas de la casa ,"Sí, mucho",Duración de las colas,Pas de la casa,Extranjero,"Baqueira/Beret, Pas de la Casa","Baqueira/Beret, Extranjero",1,0,0,0,0,0,0,0,0,0,0,0,0,0,0,0,0,0,0,1,2,4-7 días,2,2,1,2,3,3
Menos de 18 años,Madrid,Más de 25 días,Baqueira/Beret,Frecuentemente,Entre las 9:00 y las 10:00,Frecuentemente,30-60 min,5,"Gestión de colas en remontes, Comunicación del estado de pistas",Mégeve ,"Sí, mucho","La mitología, el estado de la pista, el tiempo de duración de los remontes",Mégeve,Extranjero,Baqueira/Beret,Baqueira/Beret,1,0,0,0,0,0,0,0,0,0,0,0,0,0,0,0,0,0,0,0,1,16+ días,4,3,2,2,3,3
Menos de 18 años,Madrid,Más de 25 días,Sierra Nevada,A veces,Antes de las 8:00,A veces,10-30 min,5,Comunicación del estado de pistas,Valdesqui,"Sí, algo",,Valdesqui,Valdesquí,Sierra Nevada,Sierra Nevada,0,0,0,1,0,0,0,0,0,0,0,0,0,0,0,0,0,0,0,0,1,16+ días,4,1,1,1,2,2
46-60 años,Madrid,4-7 días,"Baqueira/Beret, Formigal/Panticosa",A veces,Entre las 8:00 y las 9:00,Frecuentemente,10-30 min,3,"Gestión de colas en remontes, Precio de forfaits",Baqueira Beret,"Sí, mucho",Tiempo de espera en cada remonte,Baqueira Beret,Baqueira/Beret,"Baqueira/Beret, Formigal/Panticosa","Baqueira/Beret, Formigal/Panticosa",1,1,0,0,0,0,0,0,0,0,0,0,0,0,0,0,0,0,0,0,4,4-7 días,2,2,1,2,2,3
46-60 años,Madrid,Más de 25 días,Granvalira,A veces,Entre las 8:00 y las 9:00,A veces,Menos de 10 min,4,"Información sobre afluencia, Precio de forfaits, Seguridad en pistas",Granvalira,"Sí, algo",Afluencia sobre aforo,Granvalira,Extranjero,Granvalira,Extranjero,0,0,0,0,0,0,0,0,0,0,0,0,0,0,0,0,0,0,0,1,4,16+ días,4,2,1,1,1,2
18-30 años,Madrid,4-7 días,Formigal/Panticosa,Nunca,Entre las 9:00 y las 10:00,A veces,Menos de 10 min,4,"Gestión de colas en remontes, Información sobre afluencia, Comunicación del estado de pistas",Formigal ,"Sí, mucho",,Formigal,Formigal/Panticosa,Formigal/Panticosa,Formigal/Panticosa,0,1,0,0,0,0,0,0,0,0,0,0,0,0,0,0,0,0,0,0,2,4-7 días,2,3,0,1,1,3
18-30 años,Madrid,4-7 días,"Valdesquí, Port Ainé o Grandvalira",A veces,Entre las 9:00 y las 10:00,Frecuentemente,30-60 min,3,"Gestión de colas en remontes, Comunicación del estado de pistas",Port Ainé está bien gestionada pero también porque quizá es demasiado pequeña,"Sí, mucho",,Port Ainé está bien gestionada pero también porque quizá es demasiado pequeña,Port Ainé,"Valdesquí, Port Ainé o Grandvalira","Valdesquí, Port Ainé",0,0,0,0,1,0,0,1,0,0,0,0,0,0,0,0,0,0,0,0,2,4-7 días,2,3,1,2,3,3
Menos de 18 años,Madrid,Más de 25 días,"Astún/Candanchú, Sierra Nevada",A veces,Antes de las 8:00,Frecuentemente,30-60 min,5,"Gestión de colas en remontes, Comunicación del estado de pistas",baqueira ,"Sí, mucho","la calidad de la nieve, las colas, el tiempo, lo que dura el telesilla",baqueira,Baqueira/Beret,"Astún/Candanchú, Sierra Nevada","Astún/Candanchú, Sierra Nevada",0,0,1,1,0,0,0,0,0,0,0,0,0,0,0,0,0,0,0,0,1,16+ días,4,1,1,2,3,3
18-30 años,Madrid,4-7 días,"Formigal/Panticosa, Astún/Candanchú",A veces,Entre las 8:00 y las 9:00,Frecuentemente,Más de 1 hora,3,"Gestión de colas en remontes, Control de acceso y parking, Comunicación del estado de pistas",Formigal,"Sí, algo",,Formigal,Formigal/Panticosa,"Formigal/Panticosa, Astún/Candanchú","Formigal/Panticosa, Astún/Candanchú",0,1,1,0,0,0,0,0,0,0,0,0,0,0,0,0,0,0,0,0,2,4-7 días,2,2,1,2,4,2
Más de 60 años,Madrid,Más de 25 días,"Baqueira/Beret, Llanos del Hospital y Navafria ",Nunca,Entre las 8:00 y las 9:00,Nunca,Menos de 10 min,3,Más atención y cuidado al Esqui de fondo como en el resto de Europa. Descubrir su gran potencial para la salud y la economía de la zona,Llanos del Hospital ,No,,Llanos del Hospital,Llanos del Hospital,"Baqueira/Beret, Llanos del Hospital y Navafria","Baqueira/Beret, Llanos del Hospital",1,0,0,0,0,0,0,0,0,1,0,0,0,0,0,0,0,0,0,0,5,16+ días,4,2,0,0,1,0
Menos de 18 años,Madrid,Más de 25 días,"Baqueira/Beret, Sierra Nevada, Valdesquí, Xanadú ",Frecuentemente,Entre las 8:00 y las 9:00,A veces,30-60 min,3,"Gestión de colas en remontes, Control de acceso y parking",Baqueira-Beret ,"Sí, mucho","Todo lo mencionado en la pregunta anterior, el riesgo de avalancha y alguna manera de ver la ubicación de otros usuarios que tengas agregados como amigos",Baqueira-Beret,Baqueira/Beret,"Baqueira/Beret, Sierra Nevada, Valdesquí, Xanadú","Baqueira/Beret, Sierra Nevada, Valdesquí, Xanadú",1,0,0,1,1,0,0,0,0,0,0,0,1,0,0,0,0,0,0,0,1,16+ días,4,2,2,1,3,3
Menos de 18 años,Madrid,Más de 25 días,"Baqueira/Beret, Sierra Nevada",Frecuentemente,Antes de las 8:00,Siempre,30-60 min,2,"Gestión de colas en remontes, Control de acceso y parking",Baqueira ,"Sí, mucho",También la condición de la nieve y reseñas de gente que haya estado hace poco,Baqueira,Baqueira/Beret,"Baqueira/Beret, Sierra Nevada","Baqueira/Beret, Sierra Nevada",1,0,0,1,0,0,0,0,0,0,0,0,0,0,0,0,0,0,0,0,1,16+ días,4,1,2,3,3,3
Menos de 18 años,Madrid,8-15 días,Baqueira/Beret,Nunca,Entre las 8:00 y las 9:00,A veces,Más de 1 hora,3,"Gestión de colas en remontes, Precio de forfaits, Precio de comida",No se,"Sí, mucho","Tiempo de cola de cada remonte u otros, aforo en la estación, y cantidad de gente aprox. En cada pista",No se,No lo sé,Baqueira/Beret,Baqueira/Beret,1,0,0,0,0,0,0,0,0,0,0,0,0,0,0,0,0,0,0,0,1,8-15 días,3,2,0,1,4,3
Más de 60 años,Madrid,Más de 25 días,"Baqueira/Beret, Formigal/Panticosa, Sierra Nevada, La Molina / Masella, Valdesquí",Frecuentemente,Entre las 8:00 y las 9:00,Frecuentemente,Más de 1 hora,2,"Gestión de colas en remontes, Control de acceso y parking, Información sobre afluencia",Baqueira,"Sí, mucho",Parking disponible,Baqueira,Baqueira/Beret,"Baqueira/Beret, Formigal/Panticosa, Sierra Nevada, La Molina / Masella, Valdesquí","Baqueira/Beret, Formigal/Panticosa, Sierra Nevada, La Molina/Masella, Valdesquí",1,1,0,1,1,1,0,0,0,0,0,0,0,0,0,0,0,0,0,0,5,16+ días,4,2,2,2,4,3
Más de 60 años,Madrid,8-15 días,Piau,Nunca,Entre las 9:00 y las 10:00,A veces,Más de 1 hora,4,Gestión de colas en remontes,Piau engaly,"Sí, algo",El tiempo de espera en tiempo real,Piau engaly,Extranjero,Piau,Extranjero,0,0,0,0,0,0,0,0,0,0,0,0,0,0,0,0,0,0,0,1,5,8-15 días,3,3,0,1,4,2
46-60 años,Andalucía,8-15 días,"Baqueira/Beret, Sierra Nevada",Frecuentemente,Antes de las 8:00,A veces,Más de 1 hora,2,"Gestión de colas en remontes, Información sobre afluencia, Precio de forfaits",Baqueira Beret ,"Sí, mucho","Tipo google Maps, ver la afluencia de gente en los remontes de color",Baqueira Beret,Baqueira/Beret,"Baqueira/Beret, Sierra Nevada","Baqueira/Beret, Sierra Nevada",1,0,0,1,0,0,0,0,0,0,0,0,0,0,0,0,0,0,0,0,4,8-15 días,3,1,2,1,4,3
Más de 60 años,Madrid,Más de 25 días,Astún/Candanchú,Siempre,Entre las 8:00 y las 9:00,Siempre,30-60 min,2,"Gestión de colas en remontes, Control de acceso y parking, Precio de forfaits",Formigal,"Sí, mucho",Las zonas/remontes con menor carga de esquiadores,Formigal,Formigal/Panticosa,Astún/Candanchú,Astún/Candanchú,0,0,1,0,0,0,0,0,0,0,0,0,0,0,0,0,0,0,0,0,5,16+ días,4,2,3,3,3,3
46-60 años,Madrid,4-7 días,Andorra,A veces,Entre las 9:00 y las 10:00,Frecuentemente,Más de 1 hora,2,"Gestión de colas en remontes, Control de acceso y parking, Precio de forfaits",Andorra,"Sí, mucho",Me gustaría recomendaciones por nivel de esquí de las pistas con menor afluencia,Andorra,Extranjero,Andorra,Extranjero,0,0,0,0,0,0,0,0,0,0,0,0,0,0,0,0,0,0,0,1,4,4-7 días,2,3,1,2,4,3
Más de 60 años,Madrid,Más de 25 días,"Valdesquí, Puerto de Navacerrada",A veces,Entre las 8:00 y las 9:00,A veces,10-30 min,3,Control de acceso y parking,Baqueira,"Sí, mucho",tiempo aproximado en llegar al parking,Baqueira,Baqueira/Beret,"Valdesquí, Puerto de Navacerrada","Valdesquí, Puerto de Navacerrada",0,0,0,0,1,0,0,0,0,0,0,0,0,0,0,0,0,1,0,0,5,16+ días,4,2,1,1,2,3
46-60 años,Madrid,4-7 días,Peyragudes,Nunca,Entre las 8:00 y las 9:00,A veces,Menos de 10 min,5,"Control de acceso y parking, Precio de forfaits",Peyragudes,"Sí, algo",Tiempis y disponibilidad,Peyragudes,Extranjero,Peyragudes,Extranjero,0,0,0,0,0,0,0,0,0,0,0,0,0,0,0,0,0,0,0,1,4,4-7 días,2,2,0,1,1,2
Más de 60 años,P. de Asturias,1-3 días,San Isidro,Nunca,Entre las 8:00 y las 9:00,Nunca,10-30 min,4,"Información sobre afluencia, Precio de forfaits",San Isidro,"Sí, mucho","Nivel de ocupación del parking, el tiempo y estado de las pistas, remontes cerrados, tiempo de las colas",San Isidro,San Isidro,San Isidro,San Isidro,0,0,0,0,0,0,0,0,1,0,0,0,0,0,0,0,0,0,0,0,5,1-3 días,1,2,0,0,2,3
Más de 60 años,Madrid,8-15 días,Baqueira/Beret,A veces,Entre las 9:00 y las 10:00,Frecuentemente,Más de 1 hora,1,"Gestión de colas en remontes, Precio de forfaits, Comunicación del estado de pistas",Ninguna,"Sí, algo",Estado de las colas,Ninguna,Ninguna,Baqueira/Beret,Baqueira/Beret,1,0,0,0,0,0,0,0,0,0,0,0,0,0,0,0,0,0,0,0,5,8-15 días,3,3,1,2,4,2
46-60 años,Madrid,Más de 25 días,Baqueira/Beret,Nunca,Entre las 9:00 y las 10:00,A veces,30-60 min,3,"Gestión de colas en remontes, Información sobre afluencia",Baqueira,"Sí, mucho","Que fuera como Wazer , que indique donde hay más gente y donde menos",Baqueira,Baqueira/Beret,Baqueira/Beret,Baqueira/Beret,1,0,0,0,0,0,0,0,0,0,0,0,0,0,0,0,0,0,0,0,4,16+ días,4,3,0,1,3,3
Más de 60 años,Madrid,16-24 días,Baqueira/Beret,Nunca,Después de las 10:00,A veces,10-30 min,2,Información sobre afluencia,BaqueiraBeret ,"Sí, mucho",,BaqueiraBeret,Baqueira/Beret,Baqueira/Beret,Baqueira/Beret,1,0,0,0,0,0,0,0,0,0,0,0,0,0,0,0,0,0,0,0,5,16+ días,4,4,0,1,2,3
46-60 años,Madrid,4-7 días,Baqueira/Beret,A veces,Después de las 10:00,A veces,10-30 min,3,"Información sobre afluencia, Precio de forfaits",Baqueira beret,No,Ya hay información de ese tipo.,Baqueira beret,Baqueira/Beret,Baqueira/Beret,Baqueira/Beret,1,0,0,0,0,0,0,0,0,0,0,0,0,0,0,0,0,0,0,0,4,4-7 días,2,4,1,1,2,0
Más de 60 años,Madrid,16-24 días,"Baqueira/Beret, Astún/Candanchú, Sierra Nevada, La Molina / Masella, Valdesquí",A veces,Entre las 8:00 y las 9:00,Frecuentemente,10-30 min,1,"Gestión de colas en remontes, Información sobre afluencia, Precio de forfaits, Comunicación del estado de pistas",Todas +/- igual de deficiente,"Sí, mucho",,Todas +/- igual de deficiente,Ninguna,"Baqueira/Beret, Astún/Candanchú, Sierra Nevada, La Molina / Masella, Valdesquí","Baqueira/Beret, Astún/Candanchú, Sierra Nevada, La Molina/Masella, Valdesquí",1,0,1,1,1,1,0,0,0,0,0,0,0,0,0,0,0,0,0,0,5,16+ días,4,2,1,2,2,3
31-45 años,Madrid,4-7 días,Formigal/Panticosa,A veces,Entre las 8:00 y las 9:00,Frecuentemente,10-30 min,3,"Precio de forfaits, Comunicación del estado de pistas",Siempre voy a Formigal. En mis 40 años solo he esquiado en Formigal ,"Sí, algo",Toda la info,Siempre voy a Formigal. En mis 40 años solo he esquiado en Formigal,Formigal/Panticosa,Formigal/Panticosa,Formigal/Panticosa,0,1,0,0,0,0,0,0,0,0,0,0,0,0,0,0,0,0,0,0,3,4-7 días,2,2,1,2,2,2
Más de 60 años,Andalucía,Más de 25 días,"Baqueira/Beret, Formigal/Panticosa, Sierra Nevada, Fuera de España",Nunca,Entre las 9:00 y las 10:00,Frecuentemente,30-60 min,3,"Gestión de colas en remontes, Información sobre afluencia",Sierra nevada,"Sí, algo",Colas en distintos remontes,Sierra nevada,Sierra Nevada,"Baqueira/Beret, Formigal/Panticosa, Sierra Nevada, Fuera de España","Baqueira/Beret, Formigal/Panticosa, Sierra Nevada, Extranjero",1,1,0,1,0,0,0,0,0,0,0,0,0,0,0,0,0,0,0,1,5,16+ días,4,3,0,2,3,2
46-60 años,Madrid,16-24 días,Formigal/Panticosa,Nunca,Entre las 8:00 y las 9:00,A veces,10-30 min,3,"Gestión de colas en remontes, Precio de forfaits",Ninguna,"Sí, mucho",Tiempo de espera en cada remonte de la estación en la que estoy,Ninguna,Ninguna,Formigal/Panticosa,Formigal/Panticosa,0,1,0,0,0,0,0,0,0,0,0,0,0,0,0,0,0,0,0,0,4,16+ días,4,2,0,1,2,3
18-30 años,Andalucía,4-7 días,Sierra Nevada,Nunca,Entre las 8:00 y las 9:00,Frecuentemente,Más de 1 hora,3,"Gestión de colas en remontes, Información sobre afluencia, Precio de forfaits",Cualquiera de los alpes ,"Sí, mucho","Pistas abiertas, tiempo de colas en los remontes, alternativas de remontes para llegar a la zona deseada",Cualquiera de los alpes,Extranjero,Sierra Nevada,Sierra Nevada,0,0,0,1,0,0,0,0,0,0,0,0,0,0,0,0,0,0,0,0,2,4-7 días,2,2,0,2,4,3
Más de 60 años,Madrid,Más de 25 días,"Baqueira/Beret, Cerler",Frecuentemente,Entre las 9:00 y las 10:00,A veces,30-60 min,4,"Control de acceso y parking, Información sobre afluencia, Precio de forfaits",Baqueira Beret,"Sí, mucho",,Baqueira Beret,Baqueira/Beret,"Baqueira/Beret, Cerler","Baqueira/Beret, Cerler",1,0,0,0,0,0,1,0,0,0,0,0,0,0,0,0,0,0,0,0,5,16+ días,4,3,2,1,3,3
Menos de 18 años,Madrid,16-24 días,Baqueira/Beret,Nunca,Antes de las 8:00,A veces,30-60 min,3,"Gestión de colas en remontes, Precio de forfaits",Baqueira,"Sí, mucho",la cola de las pistas,Baqueira,Baqueira/Beret,Baqueira/Beret,Baqueira/Beret,1,0,0,0,0,0,0,0,0,0,0,0,0,0,0,0,0,0,0,0,1,16+ días,4,1,0,1,3,3
Más de 60 años,Madrid,Más de 25 días,Baqueira/Beret,A veces,Después de las 10:00,A veces,10-30 min,3,"Información sobre afluencia, Límite de aforo",Baqueira ,"Sí, algo",Afluencia de pistas,Baqueira,Baqueira/Beret,Baqueira/Beret,Baqueira/Beret,1,0,0,0,0,0,0,0,0,0,0,0,0,0,0,0,0,0,0,0,5,16+ días,4,4,1,1,2,2
46-60 años,Madrid,1-3 días,"Formigal/Panticosa, Sierra Nevada",Frecuentemente,Entre las 9:00 y las 10:00,Frecuentemente,Más de 1 hora,2,"Gestión de colas en remontes, Control de acceso y parking",Baqueira,"Sí, algo",Tráfico  acceso estación. Tiempo medio espera remontes,Baqueira,Baqueira/Beret,"Formigal/Panticosa, Sierra Nevada","Formigal/Panticosa, Sierra Nevada",0,1,0,1,0,0,0,0,0,0,0,0,0,0,0,0,0,0,0,0,4,1-3 días,1,3,2,2,4,2
46-60 años,Madrid,8-15 días,"Formigal/Panticosa, Sierra Nevada, Valdesquí, Andorra y Alpes",A veces,Entre las 8:00 y las 9:00,Frecuentemente,30-60 min,2,"Gestión de colas en remontes, Control de acceso y parking, Información sobre afluencia, Comunicación del estado de pistas",Andorra y Los Alpes,"Sí, mucho","Colas, afluencias y tiempo",Andorra y Los Alpes,Extranjero,"Formigal/Panticosa, Sierra Nevada, Valdesquí, Andorra y Alpes","Formigal/Panticosa, Sierra Nevada, Valdesquí, Extranjero",0,1,0,1,1,0,0,0,0,0,0,0,0,0,0,0,0,0,0,1,4,8-15 días,3,2,1,2,3,3
18-30 años,Madrid,8-15 días,"Sierra Nevada, La Molina / Masella, Valdesquí",Frecuentemente,Entre las 8:00 y las 9:00,A veces,Más de 1 hora,1,"Gestión de colas en remontes, Control de acceso y parking",Corchevel,"Sí, mucho",,Corchevel,Extranjero,"Sierra Nevada, La Molina / Masella, Valdesquí","Sierra Nevada, La Molina/Masella, Valdesquí",0,0,0,1,1,1,0,0,0,0,0,0,0,0,0,0,0,0,0,0,2,8-15 días,3,2,2,1,4,3
46-60 años,Madrid,4-7 días,"Formigal/Panticosa, Valdesquí, Extranjero ",A veces,Entre las 8:00 y las 9:00,Frecuentemente,Más de 1 hora,2,"Gestión de colas en remontes, Información sobre afluencia",Las del extranjero. ,"Sí, mucho",Tiempo de espera x remonte.  También debería estar en cada remonte (como en algunos parques de atracciones),Las del extranjero.,Extranjero,"Formigal/Panticosa, Valdesquí, Extranjero","Formigal/Panticosa, Valdesquí, Extranjero",0,1,0,0,1,0,0,0,0,0,0,0,0,0,0,0,0,0,0,1,4,4-7 días,2,2,1,2,4,3
46-60 años,Madrid,4-7 días,"Baqueira/Beret, Formigal/Panticosa",A veces,Entre las 8:00 y las 9:00,A veces,10-30 min,3,"Gestión de colas en remontes, Precio de forfaits",Baqueira,"Sí, mucho","Remontes abiertos, Colas, estado de pistas, tiempo",Baqueira,Baqueira/Beret,"Baqueira/Beret, Formigal/Panticosa","Baqueira/Beret, Formigal/Panticosa",1,1,0,0,0,0,0,0,0,0,0,0,0,0,0,0,0,0,0,0,4,4-7 días,2,2,1,1,2,3
46-60 años,Madrid,16-24 días,Baqueira/Beret,Frecuentemente,Después de las 10:00,A veces,30-60 min,2,"Control de acceso y parking, Información sobre afluencia",Baqueira ,"Sí, mucho",,Baqueira,Baqueira/Beret,Baqueira/Beret,Baqueira/Beret,1,0,0,0,0,0,0,0,0,0,0,0,0,0,0,0,0,0,0,0,4,16+ días,4,4,2,1,3,3
46-60 años,Madrid,Más de 25 días,Baqueira/Beret,A veces,Entre las 9:00 y las 10:00,Frecuentemente,30-60 min,2,"Gestión de colas en remontes, Información sobre afluencia, Control en pistas",No lo se,"Sí, mucho",Estado pistas y afluencia de personas,No lo se,No lo sé,Baqueira/Beret,Baqueira/Beret,1,0,0,0,0,0,0,0,0,0,0,0,0,0,0,0,0,0,0,0,4,16+ días,4,3,1,2,3,3
46-60 años,Madrid,16-24 días,Baqueira/Beret,Frecuentemente,Entre las 9:00 y las 10:00,A veces,10-30 min,3,Precio de forfaits,Baqueira,"Sí, algo",,Baqueira,Baqueira/Beret,Baqueira/Beret,Baqueira/Beret,1,0,0,0,0,0,0,0,0,0,0,0,0,0,0,0,0,0,0,0,4,16+ días,4,3,2,1,2,2
18-30 años,Madrid,4-7 días,"Baqueira/Beret, Formigal/Panticosa, Andorra",Frecuentemente,Entre las 9:00 y las 10:00,A veces,30-60 min,3,"Gestión de colas en remontes, Comunicación del estado de pistas",Baqueira,"Sí, mucho","Cantidad de gente, tiempo estimado en el remolque, si hay cola rápida, si es un remolque largo...",Baqueira,Baqueira/Beret,"Baqueira/Beret, Formigal/Panticosa, Andorra","Baqueira/Beret, Formigal/Panticosa, Extranjero",1,1,0,0,0,0,0,0,0,0,0,0,0,0,0,0,0,0,0,1,2,4-7 días,2,3,2,1,3,3
Más de 60 años,Madrid,8-15 días,Formigal/Panticosa,Frecuentemente,Después de las 10:00,Frecuentemente,Más de 1 hora,1,"Gestión de colas en remontes, Control de acceso y parking, Información sobre afluencia, Comunicación del estado de pistas",No lo sé ,"Sí, algo","Tiempo en acceder al primer remonte , colas en los temontes",No lo sé,No lo sé,Formigal/Panticosa,Formigal/Panticosa,0,1,0,0,0,0,0,0,0,0,0,0,0,0,0,0,0,0,0,0,5,8-15 días,3,4,2,2,4,2
18-30 años,Madrid,1-3 días,Formigal/Panticosa,A veces,Entre las 8:00 y las 9:00,Frecuentemente,10-30 min,2,"Gestión de colas en remontes, Información sobre afluencia, Precio de forfaits, Comunicación del estado de pistas",Grandvalira,"Sí, mucho",Tiempos de espera y estado de pistas,Grandvalira,Extranjero,Formigal/Panticosa,Formigal/Panticosa,0,1,0,0,0,0,0,0,0,0,0,0,0,0,0,0,0,0,0,0,2,1-3 días,1,2,1,2,2,3
Más de 60 años,Madrid,Más de 25 días,"Formigal/Panticosa, Astún/Candanchú, Sierra Nevada, Snozone",A veces,Entre las 8:00 y las 9:00,Frecuentemente,Más de 1 hora,1,"Gestión de colas en remontes, Control de acceso y parking, No permitir la entrada a la estación cuando las plazas de parking estén todas ocupadas",Sierra Nevada,"Sí, mucho","Tiempo, estado de la nieve, tiempo de colas en los distintos remontes, estado del parking",Sierra Nevada,Sierra Nevada,"Formigal/Panticosa, Astún/Candanchú, Sierra Nevada, Snozone","Formigal/Panticosa, Astún/Candanchú, Sierra Nevada, Xanadú",0,1,1,1,0,0,0,0,0,0,0,0,1,0,0,0,0,0,0,0,5,16+ días,4,2,1,2,4,3
Más de 60 años,Madrid,16-24 días,Andorra ,Nunca,Entre las 8:00 y las 9:00,Nunca,Más de 1 hora,3,"Gestión de colas en remontes, Control de acceso y parking, Comunicación del estado de pistas",Andorra ,"Sí, mucho","Estado pista, nieve,  espesor",Andorra,Extranjero,Andorra,Extranjero,0,0,0,0,0,0,0,0,0,0,0,0,0,0,0,0,0,0,0,1,5,16+ días,4,2,0,0,4,3
46-60 años,Madrid,8-15 días,"Formigal/Panticosa, Sierra Nevada, Valdesquí",A veces,Antes de las 8:00,A veces,30-60 min,1,"Gestión de colas en remontes, Control de acceso y parking, Información sobre afluencia, Comunicación del estado de pistas",De las que voy ninguna ,"Sí, mucho",Tiempos de colas o alternativas ( como un Waze de las pistas) que te muestra diferentes rutas y además te alerta de situaciones concretas.,De las que voy ninguna,Ninguna,"Formigal/Panticosa, Sierra Nevada, Valdesquí","Formigal/Panticosa, Sierra Nevada, Valdesquí",0,1,0,1,1,0,0,0,0,0,0,0,0,0,0,0,0,0,0,0,4,8-15 días,3,1,1,1,3,3
31-45 años,Madrid,8-15 días,"Baqueira/Beret, Formigal/Panticosa",A veces,Entre las 8:00 y las 9:00,Frecuentemente,Más de 1 hora,3,"Gestión de colas en remontes, Control de acceso y parking, Precio de forfaits",Formigal,"Sí, mucho",Evolución de la nieve según avanza el día; tiempo de espera para coger el remonte; pistas abiertas y cerradas; itinerario más eficiente para pasar el mayor tiempo esquiando actualizado en tiempo real y adaptado según el nivel de esquí.,Formigal,Formigal/Panticosa,"Baqueira/Beret, Formigal/Panticosa","Baqueira/Beret, Formigal/Panticosa",1,1,0,0,0,0,0,0,0,0,0,0,0,0,0,0,0,0,0,0,3,8-15 días,3,2,1,2,4,3
46-60 años,Cataluña,1-3 días,Formigal/Panticosa,A veces,Entre las 8:00 y las 9:00,A veces,Menos de 10 min,4,Información sobre afluencia,Baqueira Beret,"Sí, mucho",Si,Baqueira Beret,Baqueira/Beret,Formigal/Panticosa,Formigal/Panticosa,0,1,0,0,0,0,0,0,0,0,0,0,0,0,0,0,0,0,0,0,4,1-3 días,1,2,1,1,1,3
46-60 años,Andalucía,1-3 días,Sierra Nevada,Siempre,Entre las 9:00 y las 10:00,Frecuentemente,30-60 min,3,"Gestión de colas en remontes, Control de acceso y parking, Precio de forfaits",Sierra nevada,"Sí, mucho",,Sierra nevada,Sierra Nevada,Sierra Nevada,Sierra Nevada,0,0,0,1,0,0,0,0,0,0,0,0,0,0,0,0,0,0,0,0,4,1-3 días,1,3,3,2,3,3
18-30 años,Madrid,8-15 días,"Baqueira/Beret, Formigal/Panticosa, Valdesquí",A veces,Entre las 8:00 y las 9:00,A veces,Más de 1 hora,3,"Gestión de colas en remontes, Precio de forfaits",.,"Sí, mucho",,,,"Baqueira/Beret, Formigal/Panticosa, Valdesquí","Baqueira/Beret, Formigal/Panticosa, Valdesquí",1,1,0,0,1,0,0,0,0,0,0,0,0,0,0,0,0,0,0,0,2,8-15 días,3,2,1,1,4,3
31-45 años,Madrid,8-15 días,Formigal/Panticosa,A veces,Entre las 9:00 y las 10:00,Frecuentemente,Más de 1 hora,2,"Gestión de colas en remontes, Control de acceso y parking, Comunicación del estado de pistas",Baqueira ,"Sí, mucho",Sobre todo tiempos de espera en remontes y recorridos alternativos cuando alguno está muy saturado si es posible,Baqueira,Baqueira/Beret,Formigal/Panticosa,Formigal/Panticosa,0,1,0,0,0,0,0,0,0,0,0,0,0,0,0,0,0,0,0,0,3,8-15 días,3,3,1,2,4,3
46-60 años,Andalucía,4-7 días,Sierra Nevada,A veces,Después de las 10:00,Frecuentemente,30-60 min,2,"Gestión de colas en remontes, Precio de forfaits",Baqueira,"Sí, algo",,Baqueira,Baqueira/Beret,Sierra Nevada,Sierra Nevada,0,0,0,1,0,0,0,0,0,0,0,0,0,0,0,0,0,0,0,0,4,4-7 días,2,4,1,2,3,2
46-60 años,Andalucía,1-3 días,Sierra Nevada,A veces,Después de las 10:00,Frecuentemente,30-60 min,4,"Gestión de colas en remontes, Información sobre afluencia, Precio de forfaits",Baqueira,"Sí, mucho",,Baqueira,Baqueira/Beret,Sierra Nevada,Sierra Nevada,0,0,0,1,0,0,0,0,0,0,0,0,0,0,0,0,0,0,0,0,4,1-3 días,1,4,1,2,3,3
46-60 años,Madrid,4-7 días,"Baqueira/Beret, Sierra Nevada",A veces,Entre las 8:00 y las 9:00,A veces,10-30 min,4,"Información sobre afluencia, Comunicación del estado de pistas",Baqueira beret,"Sí, mucho","Pues un tema interesante seria como waze, que te diga la afluencia por zona de la estacion, asi como la climatologia. Otro tema interesante es como se encuentran las cafeterias de llenas o vacias",Baqueira beret,Baqueira/Beret,"Baqueira/Beret, Sierra Nevada","Baqueira/Beret, Sierra Nevada",1,0,0,1,0,0,0,0,0,0,0,0,0,0,0,0,0,0,0,0,4,4-7 días,2,2,1,1,2,3
Más de 60 años,Madrid,16-24 días,Baqueira/Beret,Nunca,Después de las 10:00,A veces,30-60 min,3,"Información sobre afluencia, Precio de forfaits, Comunicación del estado de pistas",Baqueira Beret ,"Sí, mucho",,Baqueira Beret,Baqueira/Beret,Baqueira/Beret,Baqueira/Beret,1,0,0,0,0,0,0,0,0,0,0,0,0,0,0,0,0,0,0,0,5,16+ días,4,4,0,1,3,3
Menos de 18 años,Madrid,4-7 días,Baqueira/Beret,Nunca,Entre las 9:00 y las 10:00,A veces,Menos de 10 min,3,"Precio de forfaits, Comunicación del estado de pistas",Baqueira/Beret,"Sí, mucho",condicion de las pistas y tiempo de espera en las colas del telesilla,Baqueira/Beret,Baqueira/Beret,Baqueira/Beret,Baqueira/Beret,1,0,0,0,0,0,0,0,0,0,0,0,0,0,0,0,0,0,0,0,1,4-7 días,2,3,0,1,1,3
46-60 años,Madrid,Más de 25 días,"Baqueira/Beret, Sierra Nevada, Valdesquí",Frecuentemente,Antes de las 8:00,A veces,Más de 1 hora,2,"Gestión de colas en remontes, Control de acceso y parking, Comunicación del estado de pistas",Baqueira Beret,"Sí, mucho",El tiempo estimado de espera en los remontes,Baqueira Beret,Baqueira/Beret,"Baqueira/Beret, Sierra Nevada, Valdesquí","Baqueira/Beret, Sierra Nevada, Valdesquí",1,0,0,1,1,0,0,0,0,0,0,0,0,0,0,0,0,0,0,0,4,16+ días,4,1,2,1,4,3
46-60 años,Madrid,4-7 días,"Formigal/Panticosa, Andorra",Frecuentemente,Entre las 8:00 y las 9:00,A veces,30-60 min,2,"Información sobre afluencia, Comunicación del estado de pistas","Andorra, Gran Valira","Sí, mucho",Afluencia y tiempo de espera,"Andorra, Gran Valira",Extranjero,"Formigal/Panticosa, Andorra","Formigal/Panticosa, Extranjero",0,1,0,0,0,0,0,0,0,0,0,0,0,0,0,0,0,0,0,1,4,4-7 días,2,2,2,1,3,3
46-60 años,Andalucía,4-7 días,Sierra Nevada,Frecuentemente,Después de las 10:00,Frecuentemente,Más de 1 hora,3,Gestión de colas en remontes,Baqueira,"Sí, mucho",,Baqueira,Baqueira/Beret,Sierra Nevada,Sierra Nevada,0,0,0,1,0,0,0,0,0,0,0,0,0,0,0,0,0,0,0,0,4,4-7 días,2,4,2,2,4,3
31-45 años,Madrid,8-15 días,Formigal/Panticosa,Frecuentemente,Entre las 8:00 y las 9:00,Frecuentemente,10-30 min,3,"Gestión de colas en remontes, Control de acceso y parking, Información sobre afluencia",Baqueira,"Sí, mucho",Reservas de sitios para parking,Baqueira,Baqueira/Beret,Formigal/Panticosa,Formigal/Panticosa,0,1,0,0,0,0,0,0,0,0,0,0,0,0,0,0,0,0,0,0,3,8-15 días,3,2,2,2,2,3
Más de 60 años,Madrid,Más de 25 días,"Baqueira/Beret, Formigal/Panticosa, Astún/Candanchú, Sierra Nevada, La Molina / Masella, Valdesquí, Estaciones europeas",Frecuentemente,Antes de las 8:00,Frecuentemente,Más de 1 hora,2,"Gestión de colas en remontes, Control de acceso y parking",Ninguna,"Sí, mucho",Todos los parámetros mencionados,Ninguna,Ninguna,"Baqueira/Beret, Formigal/Panticosa, Astún/Candanchú, Sierra Nevada, La Molina / Masella, Valdesquí, Estaciones europeas","Baqueira/Beret, Formigal/Panticosa, Astún/Candanchú, Sierra Nevada, La Molina/Masella, Valdesquí, Extranjero",1,1,1,1,1,1,0,0,0,0,0,0,0,0,0,0,0,0,0,1,5,16+ días,4,1,2,2,4,3
18-30 años,Madrid,4-7 días,Baqueira/Beret,A veces,Entre las 8:00 y las 9:00,Frecuentemente,10-30 min,3,"Gestión de colas en remontes, Comunicación del estado de pistas",Courchevel en Francia ,"Sí, algo","Conglomerados de gente en un mapa, para poder ver si ir a aparcar y entrar por un remonte o por otro dependiendo del estado del trafico y cola.",Courchevel en Francia,Extranjero,Baqueira/Beret,Baqueira/Beret,1,0,0,0,0,0,0,0,0,0,0,0,0,0,0,0,0,0,0,0,2,4-7 días,2,2,1,2,2,2
46-60 años,Madrid,8-15 días,Formigal/Panticosa,Frecuentemente,Entre las 8:00 y las 9:00,Frecuentemente,10-30 min,3,"Control de acceso y parking, Información sobre afluencia, Precio de forfaits",Baqueira,"Sí, mucho",Estado de parking y colas en remontes,Baqueira,Baqueira/Beret,Formigal/Panticosa,Formigal/Panticosa,0,1,0,0,0,0,0,0,0,0,0,0,0,0,0,0,0,0,0,0,4,8-15 días,3,2,2,2,2,3
Más de 60 años,Madrid,16-24 días,Baqueira/Beret,A veces,Después de las 10:00,A veces,10-30 min,2,"Gestión de colas en remontes, Información sobre afluencia",Baqueira ,"Sí, mucho",Tiempos de espera,Baqueira,Baqueira/Beret,Baqueira/Beret,Baqueira/Beret,1,0,0,0,0,0,0,0,0,0,0,0,0,0,0,0,0,0,0,0,5,16+ días,4,4,1,1,2,3
Más de 60 años,Madrid,8-15 días,"Baqueira/Beret, Sierra Nevada, Valdesquí",Frecuentemente,Antes de las 8:00,A veces,30-60 min,3,"Gestión de colas en remontes, Control de acceso y parking",Baqueira,"Sí, algo","Estado de los accesos ,pistas y parking y previsiones climatológicas",Baqueira,Baqueira/Beret,"Baqueira/Beret, Sierra Nevada, Valdesquí","Baqueira/Beret, Sierra Nevada, Valdesquí",1,0,0,1,1,0,0,0,0,0,0,0,0,0,0,0,0,0,0,0,5,8-15 días,3,1,2,1,3,2
31-45 años,Madrid,1-3 días,Formigal/Panticosa,Frecuentemente,Entre las 8:00 y las 9:00,Siempre,10-30 min,2,Gestión de colas en remontes,Formigal,"Sí, algo","como en google maps, el tiempo total de hacer un recorrido, incluyendo espera de remontes",Formigal,Formigal/Panticosa,Formigal/Panticosa,Formigal/Panticosa,0,1,0,0,0,0,0,0,0,0,0,0,0,0,0,0,0,0,0,0,3,1-3 días,1,2,2,3,2,2
18-30 años,Madrid,Más de 25 días,"Baqueira/Beret, Formigal/Panticosa, Astún/Candanchú, Sierra Nevada, La Molina / Masella, Cerler, Valdesquí",Frecuentemente,Entre las 8:00 y las 9:00,Frecuentemente,Más de 1 hora,5,"Gestión de colas en remontes, Control de acceso y parking, Información sobre afluencia, Precio de forfaits, Comunicación del estado de pistas",Masella,"Sí, mucho",Tiempo,Masella,La Molina/Masella,"Baqueira/Beret, Formigal/Panticosa, Astún/Candanchú, Sierra Nevada, La Molina / Masella, Cerler, Valdesquí","Baqueira/Beret, Formigal/Panticosa, Astún/Candanchú, Sierra Nevada, La Molina/Masella, Cerler, Valdesquí",1,1,1,1,1,1,1,0,0,0,0,0,0,0,0,0,0,0,0,0,2,16+ días,4,2,2,2,4,3
18-30 años,Madrid,4-7 días,"Formigal/Panticosa, Valdesquí, Grandvalira",Frecuentemente,Entre las 8:00 y las 9:00,Frecuentemente,10-30 min,3,"Gestión de colas en remontes, Precio de forfaits",No sabría decir,"Sí, mucho",,No sabría decir,No lo sé,"Formigal/Panticosa, Valdesquí, Grandvalira","Formigal/Panticosa, Valdesquí, Extranjero",0,1,0,0,1,0,0,0,0,0,0,0,0,0,0,0,0,0,0,1,2,4-7 días,2,2,2,2,2,3
46-60 años,Madrid,4-7 días,Formigal/Panticosa,A veces,Entre las 8:00 y las 9:00,Frecuentemente,Más de 1 hora,3,Gestión de colas en remontes,Ninguna,"Sí, mucho","Estado de la nieve, tráfico en colas en tiempo real, previsión del tiempo para los próximos días, si están muy llenas las cafeterías, que te indique los km que llevas esquiados en el día,",Ninguna,Ninguna,Formigal/Panticosa,Formigal/Panticosa,0,1,0,0,0,0,0,0,0,0,0,0,0,0,0,0,0,0,0,0,4,4-7 días,2,2,1,2,4,3
Más de 60 años,Cataluña,Más de 25 días,"Baqueira/Beret, Formigal/Panticosa, Sierra Nevada, La Molina / Masella",Nunca,Entre las 8:00 y las 9:00,A veces,Más de 1 hora,3,"Gestión de colas en remontes, Control de acceso y parking",La Molina,"Sí, mucho",Tiempos de espera por recintes en tiempo real y ocupacion de oarkings,La Molina,La Molina/Masella,"Baqueira/Beret, Formigal/Panticosa, Sierra Nevada, La Molina / Masella","Baqueira/Beret, Formigal/Panticosa, Sierra Nevada, La Molina/Masella",1,1,0,1,0,1,0,0,0,0,0,0,0,0,0,0,0,0,0,0,5,16+ días,4,2,0,1,4,3
18-30 años,Madrid,4-7 días,"Sierra Nevada, Grandvalira",A veces,Entre las 8:00 y las 9:00,Frecuentemente,10-30 min,3,"Control de acceso y parking, Precio de forfaits",El tarter ,"Sí, mucho",,El tarter,Extranjero,"Sierra Nevada, Grandvalira","Sierra Nevada, Extranjero",0,0,0,1,0,0,0,0,0,0,0,0,0,0,0,0,0,0,0,1,2,4-7 días,2,2,1,2,2,3
31-45 años,Madrid,16-24 días,Andorra,Nunca,Entre las 8:00 y las 9:00,A veces,Menos de 10 min,4,Gestión de colas en remontes,Baqueira,"Sí, mucho",Las colas en cada remonte,Baqueira,Baqueira/Beret,Andorra,Extranjero,0,0,0,0,0,0,0,0,0,0,0,0,0,0,0,0,0,0,0,1,3,16+ días,4,2,0,1,1,3
Más de 60 años,Cataluña,Más de 25 días,"Baqueira/Beret, La Molina / Masella, Pas de la Casa",A veces,Entre las 8:00 y las 9:00,A veces,10-30 min,2,"Control de acceso y parking, Información sobre afluencia, Precio de forfaits",Baqueira,"Sí, mucho","Que complementara la información existente de la estacion en in firmato facilmente consumible y no tener que utilizar 3 o 4 apps (una para el tiempo otra de la estacion  otra de carreteras y accesos y la que sugeris de cokas parkkngs etc.,,",Baqueira,Baqueira/Beret,"Baqueira/Beret, La Molina / Masella, Pas de la Casa","Baqueira/Beret, La Molina/Masella, Extranjero",1,0,0,0,0,1,0,0,0,0,0,0,0,0,0,0,0,0,0,1,5,16+ días,4,2,1,1,2,3
46-60 años,Madrid,4-7 días,Formigal/Panticosa,Frecuentemente,Entre las 9:00 y las 10:00,A veces,10-30 min,1,"Gestión de colas en remontes, Control de acceso y parking, Precio de forfaits",Ninguna,"Sí, mucho",Tiempo espera en.colas remontes,Ninguna,Ninguna,Formigal/Panticosa,Formigal/Panticosa,0,1,0,0,0,0,0,0,0,0,0,0,0,0,0,0,0,0,0,0,4,4-7 días,2,3,2,1,2,3
Más de 60 años,Madrid,8-15 días,"Baqueira/Beret, Formigal/Panticosa, Astún/Candanchú, Cerler, Alpes",A veces,Entre las 8:00 y las 9:00,A veces,30-60 min,2,"Gestión de colas en remontes, Control de acceso y parking, Información sobre afluencia",Baqueira ,"Sí, mucho","Afluencia, retrasos...",Baqueira,Baqueira/Beret,"Baqueira/Beret, Formigal/Panticosa, Astún/Candanchú, Cerler, Alpes","Baqueira/Beret, Formigal/Panticosa, Astún/Candanchú, Cerler, Extranjero",1,1,1,0,0,0,1,0,0,0,0,0,0,0,0,0,0,0,0,1,5,8-15 días,3,2,1,1,3,3
Más de 60 años,Madrid,4-7 días,Baqueira/Beret,A veces,Entre las 8:00 y las 9:00,A veces,10-30 min,2,"Gestión de colas en remontes, Control de acceso y parking, Información sobre afluencia, Precio de forfaits, Comunicación del estado de pistas",Baqueira Beret,"Sí, algo",,Baqueira Beret,Baqueira/Beret,Baqueira/Beret,Baqueira/Beret,1,0,0,0,0,0,0,0,0,0,0,0,0,0,0,0,0,0,0,0,5,4-7 días,2,2,1,1,2,2
18-30 años,Madrid,4-7 días,Baqueira/Beret,Siempre,Antes de las 8:00,Siempre,Más de 1 hora,4,Precio de forfaits,Baqueira/Beret,"Sí, mucho","Tiempos de espera en las colas, en que pistas aguanta más la nieve, que pistan tienen más afluencia de clases grandes",Baqueira/Beret,Baqueira/Beret,Baqueira/Beret,Baqueira/Beret,1,0,0,0,0,0,0,0,0,0,0,0,0,0,0,0,0,0,0,0,2,4-7 días,2,1,3,3,4,3
46-60 años,Madrid,8-15 días,"Formigal/Panticosa, Austria",Frecuentemente,Entre las 9:00 y las 10:00,Frecuentemente,Más de 1 hora,1,"Gestión de colas en remontes, Control de acceso y parking, Precio de forfaits, Comunicación del estado de pistas",Bien gestionada? Solo en el extranjero ,"Sí, mucho",,Bien gestionada? Solo en el extranjero,Extranjero,"Formigal/Panticosa, Austria","Formigal/Panticosa, Extranjero",0,1,0,0,0,0,0,0,0,0,0,0,0,0,0,0,0,0,0,1,4,8-15 días,3,3,2,2,4,3
Más de 60 años,Madrid,Más de 25 días,Astún/Candanchú,Frecuentemente,Entre las 8:00 y las 9:00,Frecuentemente,10-30 min,2,"Información sobre afluencia, Precio de forfaits, Comunicación del estado de pistas",Es un problema generalizado los festivos y fines de semana,"Sí, mucho","Tiempo, calidad de la nieve, estado accesos, saturación parking",Es un problema generalizado los festivos y fines de semana,,Astún/Candanchú,Astún/Candanchú,0,0,1,0,0,0,0,0,0,0,0,0,0,0,0,0,0,0,0,0,5,16+ días,4,2,2,2,2,3
46-60 años,Castilla y León,Más de 25 días,"Baqueira/Beret, San Isidro",A veces,Entre las 8:00 y las 9:00,Frecuentemente,Más de 1 hora,1,"Gestión de colas en remontes, Control de acceso y parking, Información sobre afluencia",Baqueira,"Sí, mucho",,Baqueira,Baqueira/Beret,"Baqueira/Beret, San Isidro","Baqueira/Beret, San Isidro",1,0,0,0,0,0,0,0,1,0,0,0,0,0,0,0,0,0,0,0,4,16+ días,4,2,1,2,4,3
46-60 años,Cataluña,Más de 25 días,Baqueira/Beret,Nunca,Entre las 9:00 y las 10:00,A veces,10-30 min,5,Información sobre afluencia,No se,"Sí, mucho",Colas en remontes para decidir el itinerario que me proporcione más esquí.,No se,No lo sé,Baqueira/Beret,Baqueira/Beret,1,0,0,0,0,0,0,0,0,0,0,0,0,0,0,0,0,0,0,0,4,16+ días,4,3,0,1,2,3
Menos de 18 años,Cataluña,Más de 25 días,Baqueira/Beret,Nunca,Entre las 9:00 y las 10:00,Frecuentemente,10-30 min,5,Información sobre afluencia,Baqueira/Beret/Bonaigua,"Sí, mucho",Lo que no muestran las apps de hoy en día,Baqueira/Beret/Bonaigua,Baqueira/Beret,Baqueira/Beret,Baqueira/Beret,1,0,0,0,0,0,0,0,0,0,0,0,0,0,0,0,0,0,0,0,1,16+ días,4,3,0,2,2,3
46-60 años,País Vasco,Más de 25 días,Astún/Candanchú,A veces,Antes de las 8:00,A veces,30-60 min,1,"Gestión de colas en remontes, Organización de colas para que los remontes suban llenos y FIFO",Baqueira y Sierra Nevada,No lo sé,,Baqueira y Sierra Nevada,,Astún/Candanchú,Astún/Candanchú,0,0,1,0,0,0,0,0,0,0,0,0,0,0,0,0,0,0,0,0,4,16+ días,4,1,1,1,3,1
Más de 60 años,andorra,Más de 25 días,grandvalira,Nunca,Entre las 8:00 y las 9:00,Frecuentemente,Menos de 10 min,3,poner remontes de más capacidad,las estaciones austriacas,"Sí, algo",el tiempo de cola en cada remonte,las estaciones austriacas,Extranjero,grandvalira,Extranjero,0,0,0,0,0,0,0,0,0,0,0,0,0,0,0,0,0,0,0,1,5,16+ días,4,2,0,2,1,2
Más de 60 años,Aragón,Más de 25 días,Astún/Candanchú,Frecuentemente,Entre las 8:00 y las 9:00,Frecuentemente,10-30 min,3,Control de acceso y parking,Formigal ,"Sí, algo",Disponibilidad de parking y estado de las colas,Formigal,Formigal/Panticosa,Astún/Candanchú,Astún/Candanchú,0,0,1,0,0,0,0,0,0,0,0,0,0,0,0,0,0,0,0,0,5,16+ días,4,2,2,2,2,2
31-45 años,Madrid,16-24 días,"Baqueira/Beret, Sierra Nevada, La Molina / Masella",Siempre,Antes de las 8:00,Frecuentemente,Más de 1 hora,1,"Gestión de colas en remontes, Control de acceso y parking",Masella,"Sí, mucho",,Masella,La Molina/Masella,"Baqueira/Beret, Sierra Nevada, La Molina / Masella","Baqueira/Beret, Sierra Nevada, La Molina/Masella",1,0,0,1,0,1,0,0,0,0,0,0,0,0,0,0,0,0,0,0,3,16+ días,4,1,3,2,4,3
Más de 60 años,Cataluña,Más de 25 días,"Baqueira/Beret, Formigal/Panticosa, Sierra Nevada, La Molina / Masella",Nunca,Entre las 8:00 y las 9:00,Frecuentemente,10-30 min,1,Compra de ff por tramo de horario como hacen en Francia,Ninguna,"Sí, mucho",,Ninguna,Ninguna,"Baqueira/Beret, Formigal/Panticosa, Sierra Nevada, La Molina / Masella","Baqueira/Beret, Formigal/Panticosa, Sierra Nevada, La Molina/Masella",1,1,0,1,0,1,0,0,0,0,0,0,0,0,0,0,0,0,0,0,5,16+ días,4,2,0,2,2,3
31-45 años,Madrid,1-3 días,"Formigal/Panticosa, Sierra Nevada",A veces,Entre las 9:00 y las 10:00,A veces,10-30 min,3,Control de acceso y parking,Sierra nevada,"Sí, mucho",Forfaits vendidos,Sierra nevada,Sierra Nevada,"Formigal/Panticosa, Sierra Nevada","Formigal/Panticosa, Sierra Nevada",0,1,0,1,0,0,0,0,0,0,0,0,0,0,0,0,0,0,0,0,3,1-3 días,1,3,1,1,2,3
46-60 años,Cataluña,Más de 25 días,"La Molina / Masella, Andorra",Nunca,Entre las 8:00 y las 9:00,A veces,Menos de 10 min,3,"Precio de forfaits, Comunicación del estado de pistas",Pas de la Casa,"Sí, mucho",Webcamps,Pas de la Casa,Extranjero,"La Molina / Masella, Andorra","La Molina/Masella, Extranjero",0,0,0,0,0,1,0,0,0,0,0,0,0,0,0,0,0,0,0,1,4,16+ días,4,2,0,1,1,3
46-60 años,Madrid,8-15 días,"Formigal/Panticosa, Dolomitas",Frecuentemente,Entre las 8:00 y las 9:00,Frecuentemente,10-30 min,2,"Gestión de colas en remontes, Control de acceso y parking, Precio de forfaits",No lo se,No lo sé,,No lo se,No lo sé,"Formigal/Panticosa, Dolomitas","Formigal/Panticosa, Extranjero",0,1,0,0,0,0,0,0,0,0,0,0,0,0,0,0,0,0,0,1,4,8-15 días,3,2,2,2,2,1
Más de 60 años,País Vasco,Más de 25 días,Astún/Candanchú,A veces,Antes de las 8:00,Frecuentemente,Más de 1 hora,2,"Gestión de colas en remontes, Control de acceso y parking",Desconozco ,"Sí, algo",Afluencia y colas,Desconozco,No lo sé,Astún/Candanchú,Astún/Candanchú,0,0,1,0,0,0,0,0,0,0,0,0,0,0,0,0,0,0,0,0,5,16+ días,4,1,1,2,4,2
46-60 años,Madrid,16-24 días,"Baqueira/Beret, Formigal/Panticosa, Sierra Nevada, Valdesquí, Alpes",Nunca,Entre las 8:00 y las 9:00,A veces,30-60 min,4,Gestión de colas en remontes,Baqueira,No lo sé,,Baqueira,Baqueira/Beret,"Baqueira/Beret, Formigal/Panticosa, Sierra Nevada, Valdesquí, Alpes","Baqueira/Beret, Formigal/Panticosa, Sierra Nevada, Valdesquí, Extranjero",1,1,0,1,1,0,0,0,0,0,0,0,0,0,0,0,0,0,0,1,4,16+ días,4,2,0,1,3,1
Más de 60 años,Madrid,4-7 días,"Baqueira/Beret, Formigal/Panticosa, Sierra Nevada",A veces,Entre las 9:00 y las 10:00,Frecuentemente,30-60 min,2,"Control de acceso y parking, Comunicación del estado de pistas",Baqueira Beret,"Sí, mucho",Zonas menos congestionadas para aparcar,Baqueira Beret,Baqueira/Beret,"Baqueira/Beret, Formigal/Panticosa, Sierra Nevada","Baqueira/Beret, Formigal/Panticosa, Sierra Nevada",1,1,0,1,0,0,0,0,0,0,0,0,0,0,0,0,0,0,0,0,5,4-7 días,2,3,1,2,3,3
31-45 años,Madrid,4-7 días,"Baqueira/Beret, Formigal/Panticosa, Astún/Candanchú, Valdesquí",Siempre,Entre las 9:00 y las 10:00,Frecuentemente,30-60 min,1,"Control de acceso y parking, Precio de forfaits",Astun,"Sí, algo",,Astun,Astún/Candanchú,"Baqueira/Beret, Formigal/Panticosa, Astún/Candanchú, Valdesquí","Baqueira/Beret, Formigal/Panticosa, Astún/Candanchú, Valdesquí",1,1,1,0,1,0,0,0,0,0,0,0,0,0,0,0,0,0,0,0,3,4-7 días,2,3,3,2,3,2
Más de 60 años,Madrid,1-3 días,"Astún/Candanchú, Valdesquí",Frecuentemente,Entre las 9:00 y las 10:00,A veces,30-60 min,2,"Gestión de colas en remontes, Información sobre afluencia",Firmigal,"Sí, mucho",,Firmigal,Formigal/Panticosa,"Astún/Candanchú, Valdesquí","Astún/Candanchú, Valdesquí",0,0,1,0,1,0,0,0,0,0,0,0,0,0,0,0,0,0,0,0,5,1-3 días,1,3,2,1,3,3
31-45 años,Madrid,4-7 días,"Formigal/Panticosa, Sierra Nevada",A veces,Entre las 8:00 y las 9:00,Frecuentemente,Más de 1 hora,2,"Gestión de colas en remontes, Información sobre afluencia, Precio de forfaits",Sierra Mevada ,"Sí, mucho",,Sierra Mevada,Sierra Nevada,"Formigal/Panticosa, Sierra Nevada","Formigal/Panticosa, Sierra Nevada",0,1,0,1,0,0,0,0,0,0,0,0,0,0,0,0,0,0,0,0,3,4-7 días,2,2,1,2,4,3
46-60 años,Andalucía,1-3 días,Sierra Nevada,A veces,Entre las 8:00 y las 9:00,Frecuentemente,Más de 1 hora,2,"Control de acceso y parking, Precio de forfaits",Baqueira Beret,"Sí, mucho",Plazas libres de parking y alternativas. Acceso a compra online de fortfaits.,Baqueira Beret,Baqueira/Beret,Sierra Nevada,Sierra Nevada,0,0,0,1,0,0,0,0,0,0,0,0,0,0,0,0,0,0,0,0,4,1-3 días,1,2,1,2,4,3
Menos de 18 años,Andalucía,4-7 días,Sierra Nevada,Nunca,Entre las 8:00 y las 9:00,A veces,10-30 min,5,"Gestión de colas en remontes, Información sobre afluencia, Precio de forfaits",No lo sé,"Sí, mucho","Cantidad de gente que va a la estación, horario de cada remonte, mapa de las pistas,sugerencias de rutas que se pueden hacer.",No lo sé,No lo sé,Sierra Nevada,Sierra Nevada,0,0,0,1,0,0,0,0,0,0,0,0,0,0,0,0,0,0,0,0,1,4-7 días,2,2,0,1,2,3
18-30 años,Andalucía,4-7 días,Sierra Nevada,A veces,Entre las 8:00 y las 9:00,Frecuentemente,Más de 1 hora,2,"Gestión de colas en remontes, Control de acceso y parking, Precio de forfaits, Comunicación del estado de pistas","De las que he esquiado recientemente; Portes du soleil (Francia), pero normalmente voy a Sierra Nevada que es un poco caótica.","Sí, mucho","Estado de las pistas, cola en remontes en tiempo real","De las que he esquiado recientemente; Portes du soleil (Francia), pero normalmente voy a Sierra Nevada que es un poco caótica.",Extranjero,Sierra Nevada,Sierra Nevada,0,0,0,1,0,0,0,0,0,0,0,0,0,0,0,0,0,0,0,0,2,4-7 días,2,2,1,2,4,3
18-30 años,Madrid,4-7 días,"Formigal/Panticosa, Sierra Nevada, Grandvalira",Frecuentemente,Entre las 8:00 y las 9:00,Siempre,10-30 min,2,"Gestión de colas en remontes, Control de acceso y parking, Comunicación del estado de pistas",Grandvalira,"Sí, mucho","Colas, tiempos, estado de las pistas",Grandvalira,Extranjero,"Formigal/Panticosa, Sierra Nevada, Grandvalira","Formigal/Panticosa, Sierra Nevada, Extranjero",0,1,0,1,0,0,0,0,0,0,0,0,0,0,0,0,0,0,0,1,2,4-7 días,2,2,2,3,2,3
18-30 años,Madrid,Más de 25 días,Pirineo francés y Alpes,Frecuentemente,Entre las 8:00 y las 9:00,A veces,10-30 min,4,"Comunicación del estado de pistas, En estaciones españolas, limitación del número de forfaits vendidos al día","Alpes, mucha gente pero tan grande que no hay problemas de colas","Sí, algo","Estaría bien pero si hay mucha gente hay mucha gente, por muy buena organización que haya los días que hay gente la hay en todos los remontes.","Alpes, mucha gente pero tan grande que no hay problemas de colas",Extranjero,Pirineo francés y Alpes,Extranjero,0,0,0,0,0,0,0,0,0,0,0,0,0,0,0,0,0,0,0,1,2,16+ días,4,2,2,1,2,2
46-60 años,Madrid,16-24 días,Formigal/Panticosa,A veces,Entre las 8:00 y las 9:00,Frecuentemente,30-60 min,3,"Información sobre afluencia, Precio de forfaits, Comunicación del estado de pistas",Solo esquío en Formigal,"Sí, mucho","El forfait te obliga a descargar una app que proporciona toda la info, incluidas bajadas, pendiente acumulada, riesgo de aludes y que todo el mundo pueda ver en tiempo real donde está el resto: con esto se distribuiría más uniformemente la gente.",Solo esquío en Formigal,Formigal/Panticosa,Formigal/Panticosa,Formigal/Panticosa,0,1,0,0,0,0,0,0,0,0,0,0,0,0,0,0,0,0,0,0,4,16+ días,4,2,1,2,3,3
46-60 años,Illes Balears,4-7 días,Grandvalira ,A veces,Entre las 9:00 y las 10:00,A veces,30-60 min,3,"Información sobre afluencia, Precio de forfaits, Comunicación del estado de pistas",Granvalira ,"Sí, mucho","El número de personas aproximado de gente en la cola , el numero de personas que se puedes montar, el tiempo de espera",Granvalira,Extranjero,Grandvalira,Extranjero,0,0,0,0,0,0,0,0,0,0,0,0,0,0,0,0,0,0,0,1,4,4-7 días,2,3,1,1,3,3
46-60 años,Comunidad Valenciana,1-3 días,Formigal/Panticosa,A veces,Entre las 8:00 y las 9:00,A veces,10-30 min,3,Precio de forfaits,Ninguna,"Sí, mucho",Las pistas con menos gente y mejor estado,Ninguna,Ninguna,Formigal/Panticosa,Formigal/Panticosa,0,1,0,0,0,0,0,0,0,0,0,0,0,0,0,0,0,0,0,0,4,1-3 días,1,2,1,1,2,3
18-30 años,Madrid,1-3 días,Formigal/Panticosa,Frecuentemente,Entre las 8:00 y las 9:00,A veces,10-30 min,3,"Gestión de colas en remontes, Control de acceso y parking, Comunicación del estado de pistas",Baqueira ,"Sí, mucho",,Baqueira,Baqueira/Beret,Formigal/Panticosa,Formigal/Panticosa,0,1,0,0,0,0,0,0,0,0,0,0,0,0,0,0,0,0,0,0,2,1-3 días,1,2,2,1,2,3
18-30 años,Madrid,4-7 días,"Formigal/Panticosa, Astún/Candanchú",A veces,Entre las 8:00 y las 9:00,Siempre,30-60 min,2,"Gestión de colas en remontes, Control de acceso y parking",Ninguna,"Sí, mucho",Colas vs estado de pistas,Ninguna,Ninguna,"Formigal/Panticosa, Astún/Candanchú","Formigal/Panticosa, Astún/Candanchú",0,1,1,0,0,0,0,0,0,0,0,0,0,0,0,0,0,0,0,0,2,4-7 días,2,2,1,3,3,3
46-60 años,Madrid,4-7 días,Valdesquí,Siempre,Entre las 9:00 y las 10:00,Frecuentemente,30-60 min,3,Gestión de colas en remontes,cerler,"Sí, mucho",,cerler,Cerler,Valdesquí,Valdesquí,0,0,0,0,1,0,0,0,0,0,0,0,0,0,0,0,0,0,0,0,4,4-7 días,2,3,3,2,3,3
18-30 años,Castilla y León,4-7 días,"Baqueira/Beret, Formigal/Panticosa, Astún/Candanchú",A veces,Entre las 8:00 y las 9:00,Frecuentemente,Más de 1 hora,2,"Gestión de colas en remontes, Comunicación del estado de pistas",Ns ,"Sí, mucho",,Ns,No lo sé,"Baqueira/Beret, Formigal/Panticosa, Astún/Candanchú","Baqueira/Beret, Formigal/Panticosa, Astún/Candanchú",1,1,1,0,0,0,0,0,0,0,0,0,0,0,0,0,0,0,0,0,2,4-7 días,2,2,1,2,4,3
46-60 años,Madrid,Más de 25 días,"Sierra Nevada, La Molina / Masella, Valdesquí, Alto Campoo",A veces,Después de las 10:00,A veces,30-60 min,2,"Gestión de colas en remontes, Precio de forfaits, Comunicación del estado de pistas",Masella,"Sí, mucho",Tiempo real colas de remontes,Masella,La Molina/Masella,"Sierra Nevada, La Molina / Masella, Valdesquí, Alto Campoo","Sierra Nevada, La Molina/Masella, Valdesquí, Alto Campoo",0,0,0,1,1,1,0,0,0,0,0,0,0,1,0,0,0,0,0,0,4,16+ días,4,4,1,1,3,3
46-60 años,Madrid,4-7 días,"Baqueira/Beret, ",Nunca,Entre las 8:00 y las 9:00,Nunca,Menos de 10 min,3,Gestión de colas en remontes,Baqueira ,"Sí, mucho",,Baqueira,Baqueira/Beret,Baqueira/Beret,Baqueira/Beret,1,0,0,0,0,0,0,0,0,0,0,0,0,0,0,0,0,0,0,0,4,4-7 días,2,2,0,0,1,3
31-45 años,Madrid,8-15 días,"Formigal/Panticosa, Astún/Candanchú",Frecuentemente,Entre las 8:00 y las 9:00,Frecuentemente,Más de 1 hora,2,"Gestión de colas en remontes, Control de acceso y parking, Información sobre afluencia, Precio de forfaits, Comunicación del estado de pistas, Aforo",Astun,No lo sé,Aforo,Astun,Astún/Candanchú,"Formigal/Panticosa, Astún/Candanchú","Formigal/Panticosa, Astún/Candanchú",0,1,1,0,0,0,0,0,0,0,0,0,0,0,0,0,0,0,0,0,3,8-15 días,3,2,2,2,4,1
18-30 años,Madrid,Más de 25 días,Astún/Candanchú,A veces,Entre las 8:00 y las 9:00,A veces,30-60 min,2,Gestión de colas en remontes,Candanchu ,"Sí, mucho",El tiempo aproximado de espera que hay en la cola,Candanchu,Astún/Candanchú,Astún/Candanchú,Astún/Candanchú,0,0,1,0,0,0,0,0,0,0,0,0,0,0,0,0,0,0,0,0,2,16+ días,4,2,1,1,3,3
Menos de 18 años,Madrid,16-24 días,Baqueira/Beret,A veces,Entre las 8:00 y las 9:00,Siempre,30-60 min,2,Gestión de colas en remontes,Beret,"Sí, mucho",Cuanta cola hay,Beret,Baqueira/Beret,Baqueira/Beret,Baqueira/Beret,1,0,0,0,0,0,0,0,0,0,0,0,0,0,0,0,0,0,0,0,1,16+ días,4,2,1,3,3,3
46-60 años,Madrid,Más de 25 días,Astún/Candanchú,A veces,Entre las 9:00 y las 10:00,A veces,Menos de 10 min,3,"Información sobre afluencia, Precio de forfaits",Baqueira beret,"Sí, mucho","Todo lo referente a saturaciones, plazas.de parking",Baqueira beret,Baqueira/Beret,Astún/Candanchú,Astún/Candanchú,0,0,1,0,0,0,0,0,0,0,0,0,0,0,0,0,0,0,0,0,4,16+ días,4,3,1,1,1,3
18-30 años,Madrid,1-3 días,Sierra Nevada,Nunca,Entre las 8:00 y las 9:00,Siempre,Menos de 10 min,3,Gestión de colas en remontes,Formigal,No,,Formigal,Formigal/Panticosa,Sierra Nevada,Sierra Nevada,0,0,0,1,0,0,0,0,0,0,0,0,0,0,0,0,0,0,0,0,2,1-3 días,1,2,0,3,1,0
31-45 años,Madrid,4-7 días,Andorra,Nunca,Entre las 9:00 y las 10:00,A veces,10-30 min,3,"Gestión de colas en remontes, Información sobre afluencia, Precio de forfaits",.,"Sí, mucho",,,,Andorra,Extranjero,0,0,0,0,0,0,0,0,0,0,0,0,0,0,0,0,0,0,0,1,3,4-7 días,2,3,0,1,2,3
46-60 años,Cataluña,Más de 25 días,La Molina / Masella,Frecuentemente,Entre las 8:00 y las 9:00,Frecuentemente,Más de 1 hora,1,"Gestión de colas en remontes, Control de acceso y parking",Sierra nevada,"Sí, mucho",Cantidad usuarios en pista,Sierra nevada,Sierra Nevada,La Molina / Masella,La Molina/Masella,0,0,0,0,0,1,0,0,0,0,0,0,0,0,0,0,0,0,0,0,4,16+ días,4,2,2,2,4,3
46-60 años,Cataluña,Más de 25 días,"Baqueira/Beret, La Molina / Masella, GrandValira",Nunca,Entre las 8:00 y las 9:00,Nunca,Menos de 10 min,5,"Gestión de colas en remontes, Control de acceso y parking, Información sobre afluencia, Hay mucha diferencia entre estaciones, algunas muy bien gestionadas en estos aspectos (GrandValira) otras meidanamente (Molina, Baqueira, Vallter) i otras que no gestionan (Masella).","GrandValira gestión de parking, cues remontadors (si tienes que esperar más de 3 minutos ya encuentras que hay demasiada gente)","Sí, algo",Sobretodo el númeor de personas que están edquiando,"GrandValira gestión de parking, cues remontadors (si tienes que esperar más de 3 minutos ya encuentras que hay demasiada gente)",Extranjero,"Baqueira/Beret, La Molina / Masella, GrandValira","Baqueira/Beret, La Molina/Masella, Extranjero",1,0,0,0,0,1,0,0,0,0,0,0,0,0,0,0,0,0,0,1,4,16+ días,4,2,0,0,1,2
46-60 años,Madrid,4-7 días,"Baqueira/Beret, Sierra Nevada",A veces,Entre las 8:00 y las 9:00,Frecuentemente,30-60 min,1,"Información sobre afluencia, Precio de forfaits",Baqueira Beret,"Sí, mucho",,Baqueira Beret,Baqueira/Beret,"Baqueira/Beret, Sierra Nevada","Baqueira/Beret, Sierra Nevada",1,0,0,1,0,0,0,0,0,0,0,0,0,0,0,0,0,0,0,0,4,4-7 días,2,2,1,2,3,3
18-30 años,Madrid,4-7 días,"Baqueira/Beret, Cerler, Valdesquí",Frecuentemente,Entre las 9:00 y las 10:00,Frecuentemente,30-60 min,3,"Gestión de colas en remontes, Control de acceso y parking",Baqueira Beret,"Sí, mucho",,Baqueira Beret,Baqueira/Beret,"Baqueira/Beret, Cerler, Valdesquí","Baqueira/Beret, Cerler, Valdesquí",1,0,0,0,1,0,1,0,0,0,0,0,0,0,0,0,0,0,0,0,2,4-7 días,2,3,2,2,3,3
31-45 años,Madrid,8-15 días,"Baqueira/Beret, Formigal/Panticosa, Sierra Nevada, Valdesquí",Frecuentemente,Entre las 9:00 y las 10:00,Frecuentemente,30-60 min,2,"Gestión de colas en remontes, Control de acceso y parking, Información sobre afluencia, Precio de forfaits, Comunicación del estado de pistas",Baqueira ,"Sí, mucho","Tiempos de espera , afluencia en pistas y estado real de la nieve",Baqueira,Baqueira/Beret,"Baqueira/Beret, Formigal/Panticosa, Sierra Nevada, Valdesquí","Baqueira/Beret, Formigal/Panticosa, Sierra Nevada, Valdesquí",1,1,0,1,1,0,0,0,0,0,0,0,0,0,0,0,0,0,0,0,3,8-15 días,3,3,2,2,3,3
46-60 años,Madrid,4-7 días,"Formigal/Panticosa, Sierra Nevada",A veces,Entre las 8:00 y las 9:00,A veces,10-30 min,2,"Gestión de colas en remontes, Control de acceso y parking, Información sobre afluencia, Precio de forfaits",Cualquiera fuera de España,"Sí, algo","Itinerarios para recorrer la estacion en funcion de las colas, con indicaciones via audio para no ser necesario ir mirando el movil",Cualquiera fuera de España,Extranjero,"Formigal/Panticosa, Sierra Nevada","Formigal/Panticosa, Sierra Nevada",0,1,0,1,0,0,0,0,0,0,0,0,0,0,0,0,0,0,0,0,4,4-7 días,2,2,1,1,2,2
18-30 años,Madrid,1-3 días,Sierra Nevada,Frecuentemente,Entre las 8:00 y las 9:00,A veces,Más de 1 hora,2,"Gestión de colas en remontes, Control de acceso y parking, Información sobre afluencia, Comunicación del estado de pistas, Previson de aforo",Cerler,"Sí, mucho","Tiempo de espera en cola, parking, estado de pistas y aparte previsión de aforo (cuantos forfaits se han comprado y cuantos se esperan vender en el dia)",Cerler,Cerler,Sierra Nevada,Sierra Nevada,0,0,0,1,0,0,0,0,0,0,0,0,0,0,0,0,0,0,0,0,2,1-3 días,1,2,2,1,4,3
46-60 años,Madrid,4-7 días,"Astún/Candanchú, Valdesquí",A veces,Entre las 8:00 y las 9:00,A veces,30-60 min,2,"Gestión de colas en remontes, Control de acceso y parking, Información sobre afluencia, Precio de forfaits",.,"Sí, mucho",,,,"Astún/Candanchú, Valdesquí","Astún/Candanchú, Valdesquí",0,0,1,0,1,0,0,0,0,0,0,0,0,0,0,0,0,0,0,0,4,4-7 días,2,2,1,1,3,3
46-60 años,Madrid,4-7 días,Baqueira/Beret,Nunca,Entre las 8:00 y las 9:00,A veces,10-30 min,3,"Gestión de colas en remontes, Precio de forfaits",Baqueira,"Sí, algo",,Baqueira,Baqueira/Beret,Baqueira/Beret,Baqueira/Beret,1,0,0,0,0,0,0,0,0,0,0,0,0,0,0,0,0,0,0,0,4,4-7 días,2,2,0,1,2,2
46-60 años,Madrid,Más de 25 días,"Sierra Nevada, La Molina / Masella, Valdesquí, ",Frecuentemente,Entre las 8:00 y las 9:00,Siempre,Más de 1 hora,1,"Gestión de colas en remontes, Control de acceso y parking, Comunicación del estado de pistas, Aforo máximo y precios de forfaits reducidos cuando hay menos kilómetros abiertos. Zonas diferenciadas para los esquiadores y los surferos",Ninguna,"Sí, mucho","Tiempo de colas, estado de la nieve( real)",Ninguna,Ninguna,"Sierra Nevada, La Molina / Masella, Valdesquí","Sierra Nevada, La Molina/Masella, Valdesquí",0,0,0,1,1,1,0,0,0,0,0,0,0,0,0,0,0,0,0,0,4,16+ días,4,2,2,3,4,3
46-60 años,Madrid,4-7 días,"Baqueira/Beret, Formigal/Panticosa, Cerler",A veces,Entre las 9:00 y las 10:00,A veces,30-60 min,3,"Información sobre afluencia, Precio de forfaits",Baqueira,"Sí, mucho",Información sobre la disponibilidad de plazas de parking y tiempo estimado de las colas de todos los remontes,Baqueira,Baqueira/Beret,"Baqueira/Beret, Formigal/Panticosa, Cerler","Baqueira/Beret, Formigal/Panticosa, Cerler",1,1,0,0,0,0,1,0,0,0,0,0,0,0,0,0,0,0,0,0,4,4-7 días,2,3,1,1,3,3
46-60 años,Madrid,16-24 días,"Sierra Nevada, La Molina / Masella, Alto Campó, Javalambre",A veces,Entre las 8:00 y las 9:00,A veces,30-60 min,3,"Gestión de colas en remontes, Precio de forfaits",Javalambre ,"Sí, mucho",,Javalambre,Javalambre,"Sierra Nevada, La Molina / Masella, Alto Campó, Javalambre","Sierra Nevada, La Molina/Masella, Alto Campoo, Javalambre",0,0,0,1,0,1,0,0,0,0,0,0,0,1,1,0,0,0,0,0,4,16+ días,4,2,1,1,3,3
46-60 años,Madrid,16-24 días,"Sierra Nevada, La Molina / Masella, Valdesquí",A veces,Entre las 8:00 y las 9:00,A veces,10-30 min,3,"Gestión de colas en remontes, Precio de forfaits",Masella,"Sí, mucho","Tiempo en cola + tiempo de subida, dependiendo de la estación podría ser interesante poner al punto que quieras llegar, y según las colas darte el la mejor opción para llegar o incluso si se dan condicionesiy buenas en ciertos remontes recomendarte un recorrido para hacer una bajada.",Masella,La Molina/Masella,"Sierra Nevada, La Molina / Masella, Valdesquí","Sierra Nevada, La Molina/Masella, Valdesquí",0,0,0,1,1,1,0,0,0,0,0,0,0,0,0,0,0,0,0,0,4,16+ días,4,2,1,1,2,3
18-30 años,Madrid,1-3 días,"Baqueira/Beret, Astún/Candanchú, Sierra Nevada",A veces,Entre las 8:00 y las 9:00,Frecuentemente,Más de 1 hora,2,"Gestión de colas en remontes, Control de acceso y parking, Precio de forfaits",La fila de uno en los remontes para rellenar huecos ,"Sí, mucho","Tiempo de espera en las colas, calidad de la nieve, cantidad de gente aprox que hay esquiando",La fila de uno en los remontes para rellenar huecos,,"Baqueira/Beret, Astún/Candanchú, Sierra Nevada","Baqueira/Beret, Astún/Candanchú, Sierra Nevada",1,0,1,1,0,0,0,0,0,0,0,0,0,0,0,0,0,0,0,0,2,1-3 días,1,2,1,2,4,3
31-45 años,Madrid,8-15 días,"Baqueira/Beret, Formigal/Panticosa, Valdesquí",Frecuentemente,Entre las 9:00 y las 10:00,Frecuentemente,Más de 1 hora,1,"Gestión de colas en remontes, Control de acceso y parking, Comunicación del estado de pistas",Ninguna,"Sí, mucho",Afluencia tiempos de espera y estado de las pistas,Ninguna,Ninguna,"Baqueira/Beret, Formigal/Panticosa, Valdesquí","Baqueira/Beret, Formigal/Panticosa, Valdesquí",1,1,0,0,1,0,0,0,0,0,0,0,0,0,0,0,0,0,0,0,3,8-15 días,3,3,2,2,4,3
46-60 años,Madrid,4-7 días,La Molina / Masella,A veces,Entre las 8:00 y las 9:00,A veces,Más de 1 hora,1,"Gestión de colas en remontes, Control de acceso y parking, Precio de forfaits",No te puedo decir ahora ,"Sí, algo","Dependiendo afluencia de ella, los precios deberían de bajar ya que los servicios disminuyen",No te puedo decir ahora,No lo sé,La Molina / Masella,La Molina/Masella,0,0,0,0,0,1,0,0,0,0,0,0,0,0,0,0,0,0,0,0,4,4-7 días,2,2,1,1,4,2
46-60 años,Madrid,4-7 días,Valdesquí,Siempre,Antes de las 8:00,Frecuentemente,10-30 min,1,"Gestión de colas en remontes, Control de acceso y parking, Información sobre afluencia, Precio de forfaits, Comunicación del estado de pistas",Baqueira,"Sí, mucho",Todo lo posible en tiempo real,Baqueira,Baqueira/Beret,Valdesquí,Valdesquí,0,0,0,0,1,0,0,0,0,0,0,0,0,0,0,0,0,0,0,0,4,4-7 días,2,1,3,2,2,3
18-30 años,Madrid,4-7 días,Andorra ,Frecuentemente,Entre las 8:00 y las 9:00,Siempre,30-60 min,3,"Gestión de colas en remontes, Control de acceso y parking, Información sobre afluencia, Comunicación del estado de pistas",Andorra,"Sí, mucho",,Andorra,Extranjero,Andorra,Extranjero,0,0,0,0,0,0,0,0,0,0,0,0,0,0,0,0,0,0,0,1,2,4-7 días,2,2,2,3,3,3
46-60 años,Murcia,4-7 días,"Formigal/Panticosa, Sierra Nevada, Valdelinares",Nunca,Entre las 8:00 y las 9:00,Nunca,30-60 min,2,"Gestión de colas en remontes, Información sobre afluencia",Formigal,"Sí, algo",Zonas libres y.congestionadas,Formigal,Formigal/Panticosa,"Formigal/Panticosa, Sierra Nevada, Valdelinares","Formigal/Panticosa, Sierra Nevada, Valdelinares",0,1,0,1,0,0,0,0,0,0,0,0,0,0,0,0,1,0,0,0,4,4-7 días,2,2,0,0,3,2
46-60 años,Madrid,4-7 días,Baqueira/Beret,A veces,Entre las 8:00 y las 9:00,Frecuentemente,30-60 min,3,"Gestión de colas en remontes, Control de acceso y parking, Precio de forfaits",Baqueira ,"Sí, mucho",Semáforos con afluencia en remontes,Baqueira,Baqueira/Beret,Baqueira/Beret,Baqueira/Beret,1,0,0,0,0,0,0,0,0,0,0,0,0,0,0,0,0,0,0,0,4,4-7 días,2,2,1,2,3,3
46-60 años,Comunidad Valenciana,1-3 días,Sierra Nevada,Nunca,Entre las 8:00 y las 9:00,A veces,10-30 min,3,"Gestión de colas en remontes, Control de acceso y parking, Precio de forfaits",NS/NC,"Sí, mucho",,NS/NC,No lo sé,Sierra Nevada,Sierra Nevada,0,0,0,1,0,0,0,0,0,0,0,0,0,0,0,0,0,0,0,0,4,1-3 días,1,2,0,1,2,3
Menos de 18 años,Baleares,4-7 días,Pas de la casa,A veces,Entre las 8:00 y las 9:00,Frecuentemente,10-30 min,3,"Gestión de colas en remontes, Precio de forfaits, Comunicación del estado de pistas",Baqueira,"Sí, mucho",,Baqueira,Baqueira/Beret,Pas de la casa,Extranjero,0,0,0,0,0,0,0,0,0,0,0,0,0,0,0,0,0,0,0,1,1,4-7 días,2,2,1,2,2,3
31-45 años,Madrid,16-24 días,Cerler,A veces,Entre las 8:00 y las 9:00,A veces,30-60 min,2,"Gestión de colas en remontes, Precio de forfaits, Comunicación del estado de pistas",DOLOMITAS - VAL GARDENA,"Sí, algo",,DOLOMITAS - VAL GARDENA,Extranjero,Cerler,Cerler,0,0,0,0,0,0,1,0,0,0,0,0,0,0,0,0,0,0,0,0,3,16+ días,4,2,1,1,3,2
18-30 años,Madrid,1-3 días,"Formigal/Panticosa, Portainé",A veces,Antes de las 8:00,Frecuentemente,30-60 min,3,"Gestión de colas en remontes, Precio de forfaits",En España ninguna,"Sí, mucho",,En España ninguna,Ninguna,"Formigal/Panticosa, Portainé","Formigal/Panticosa, Port Ainé",0,1,0,0,0,0,0,1,0,0,0,0,0,0,0,0,0,0,0,0,2,1-3 días,1,1,1,2,3,3
31-45 años,Madrid,Más de 25 días,La Molina / Masella,Nunca,Antes de las 8:00,A veces,Menos de 10 min,3,"Gestión de colas en remontes, Control de acceso y parking, Información sobre afluencia, Precio de forfaits, Comunicación del estado de pistas",Baqueira ,No lo sé,Información real,Baqueira,Baqueira/Beret,La Molina / Masella,La Molina/Masella,0,0,0,0,0,1,0,0,0,0,0,0,0,0,0,0,0,0,0,0,3,16+ días,4,1,0,1,1,1
18-30 años,Madrid,8-15 días,"Baqueira/Beret, Astún/Candanchú",Frecuentemente,Entre las 8:00 y las 9:00,A veces,10-30 min,3,"Gestión de colas en remontes, Control de acceso y parking, Información sobre afluencia, Precio de forfaits, Comunicación del estado de pistas",Formigal y Baqueira,"Sí, mucho","Capacidad y acceso a parking, información sobre remontes y pistas abiertas",Formigal y Baqueira,,"Baqueira/Beret, Astún/Candanchú","Baqueira/Beret, Astún/Candanchú",1,0,1,0,0,0,0,0,0,0,0,0,0,0,0,0,0,0,0,0,2,8-15 días,3,2,2,1,2,3
31-45 años,Madrid,Más de 25 días,"Baqueira/Beret, Valdesquí, Xanadú",Frecuentemente,Entre las 8:00 y las 9:00,A veces,30-60 min,1,"Control de acceso y parking, Gestión de colas en remontes en Sierra Nevada",Formigal o Gran Valira,"Sí, algo",Mas que mostrar información me gustaría que ayudase a organizar la afluencia en la estación permitiendo distribuir los usuarios de una manera mas eficaz para no saturar ciertas áreas o remontes.,Formigal o Gran Valira,,"Baqueira/Beret, Valdesquí, Xanadú","Baqueira/Beret, Valdesquí, Xanadú",1,0,0,0,1,0,0,0,0,0,0,0,1,0,0,0,0,0,0,0,3,16+ días,4,2,2,1,3,2
31-45 años,Madrid,8-15 días,"Baqueira/Beret, Formigal/Panticosa, La Molina / Masella, Valdesquí",Frecuentemente,Antes de las 8:00,A veces,30-60 min,2,Control de aforo máximo en la estación para evitar grandes colas y aglomeraciones,Formigal,"Sí, algo",Donde hay mayor concentración de gente en cada momento,Formigal,Formigal/Panticosa,"Baqueira/Beret, Formigal/Panticosa, La Molina / Masella, Valdesquí","Baqueira/Beret, Formigal/Panticosa, La Molina/Masella, Valdesquí",1,1,0,0,1,1,0,0,0,0,0,0,0,0,0,0,0,0,0,0,3,8-15 días,3,1,2,1,3,2
46-60 años,Madrid,8-15 días,"Baqueira/Beret, Sierra Nevada, Valdesquí",Frecuentemente,Entre las 8:00 y las 9:00,Frecuentemente,30-60 min,2,"Gestión de colas en remontes, Control de acceso y parking, Precio de forfaits",.,No lo sé,,,,"Baqueira/Beret, Sierra Nevada, Valdesquí","Baqueira/Beret, Sierra Nevada, Valdesquí",1,0,0,1,1,0,0,0,0,0,0,0,0,0,0,0,0,0,0,0,4,8-15 días,3,2,2,2,3,1
31-45 años,Madrid,8-15 días,"Baqueira/Beret, Sierra Nevada",Frecuentemente,Entre las 8:00 y las 9:00,A veces,Más de 1 hora,3,"Gestión de colas en remontes, Control de acceso y parking, Precio de forfaits",Baqueira Beret,"Sí, mucho","Tiempo de espera en colas de remontes, sugerencias de remontes alternativos",Baqueira Beret,Baqueira/Beret,"Baqueira/Beret, Sierra Nevada","Baqueira/Beret, Sierra Nevada",1,0,0,1,0,0,0,0,0,0,0,0,0,0,0,0,0,0,0,0,3,8-15 días,3,2,2,1,4,3
46-60 años,Madrid,8-15 días,"Baqueira/Beret, Sierra Nevada",A veces,Entre las 8:00 y las 9:00,A veces,Más de 1 hora,2,"Gestión de colas en remontes, Control de acceso y parking",Ninguna destaca,"Sí, mucho",,Ninguna destaca,Ninguna,"Baqueira/Beret, Sierra Nevada","Baqueira/Beret, Sierra Nevada",1,0,0,1,0,0,0,0,0,0,0,0,0,0,0,0,0,0,0,0,4,8-15 días,3,2,1,1,4,3
18-30 años,Madrid,4-7 días,"Baqueira/Beret, Astún/Candanchú",Frecuentemente,Entre las 8:00 y las 9:00,Frecuentemente,Más de 1 hora,2,"Gestión de colas en remontes, Control de acceso y parking, Información sobre afluencia, Precio de forfaits",Ninguna,"Sí, mucho",,Ninguna,Ninguna,"Baqueira/Beret, Astún/Candanchú","Baqueira/Beret, Astún/Candanchú",1,0,1,0,0,0,0,0,0,0,0,0,0,0,0,0,0,0,0,0,2,4-7 días,2,2,2,2,4,3
31-45 años,Murcia,Más de 25 días,Sierra Nevada,Frecuentemente,Entre las 9:00 y las 10:00,Frecuentemente,Más de 1 hora,1,"Gestión de colas en remontes, Precio de forfaits",Formigal ,"Sí, mucho",Lo dicho en la pregunta,Formigal,Formigal/Panticosa,Sierra Nevada,Sierra Nevada,0,0,0,1,0,0,0,0,0,0,0,0,0,0,0,0,0,0,0,0,3,16+ días,4,3,2,2,4,3
31-45 años,Murcia,Más de 25 días,Sierra Nevada,Siempre,Después de las 10:00,Frecuentemente,Más de 1 hora,2,"Gestión de colas en remontes, Control de acceso y parking, Información sobre afluencia, Precio de forfaits, Comunicación del estado de pistas",Andorra ,"Sí, mucho",Gestion de colas información del parkin en tiempo real conunicacion de cono estan las pistas la cola en tiempo real,Andorra,Extranjero,Sierra Nevada,Sierra Nevada,0,0,0,1,0,0,0,0,0,0,0,0,0,0,0,0,0,0,0,0,3,16+ días,4,4,3,2,4,3
46-60 años,Madrid,16-24 días,Baqueira/Beret,Frecuentemente,Entre las 9:00 y las 10:00,A veces,Más de 1 hora,2,"Gestión de colas en remontes, Precio de forfaits, Comunicación del estado de pistas",No lo sé,"Sí, mucho",,No lo sé,No lo sé,Baqueira/Beret,Baqueira/Beret,1,0,0,0,0,0,0,0,0,0,0,0,0,0,0,0,0,0,0,0,4,16+ días,4,3,2,1,4,3
46-60 años,Andalucía,1-3 días,Sierra Nevada,Frecuentemente,Entre las 8:00 y las 9:00,Frecuentemente,30-60 min,3,"Gestión de colas en remontes, Información sobre afluencia",Formigal,"Sí, mucho",Tiempos de espera,Formigal,Formigal/Panticosa,Sierra Nevada,Sierra Nevada,0,0,0,1,0,0,0,0,0,0,0,0,0,0,0,0,0,0,0,0,4,1-3 días,1,2,2,2,3,3
46-60 años,Madrid,4-7 días,Formigal/Panticosa,Nunca,Entre las 8:00 y las 9:00,A veces,Más de 1 hora,2,"Gestión de colas en remontes, Precio de forfaits",Formigal,"Sí, algo","Tiempos de espera medios, estado de nieve y visibilidad.",Formigal,Formigal/Panticosa,Formigal/Panticosa,Formigal/Panticosa,0,1,0,0,0,0,0,0,0,0,0,0,0,0,0,0,0,0,0,0,4,4-7 días,2,2,0,1,4,2
46-60 años,Andalucía,1-3 días,Sierra Nevada,Frecuentemente,Entre las 9:00 y las 10:00,Siempre,10-30 min,2,"Gestión de colas en remontes, Control de acceso y parking",No tengo criterio,"Sí, mucho",,No tengo criterio,No lo sé,Sierra Nevada,Sierra Nevada,0,0,0,1,0,0,0,0,0,0,0,0,0,0,0,0,0,0,0,0,4,1-3 días,1,3,2,3,2,3
46-60 años,Madrid,4-7 días,Sierra Nevada,A veces,Entre las 8:00 y las 9:00,A veces,10-30 min,2,Control de acceso y parking,Formigal,"Sí, mucho",El histórico reciente de colas en el parking… así modifico mi hora de llegada y acierto,Formigal,Formigal/Panticosa,Sierra Nevada,Sierra Nevada,0,0,0,1,0,0,0,0,0,0,0,0,0,0,0,0,0,0,0,0,4,4-7 días,2,2,1,1,2,3
46-60 años,Madrid,4-7 días,Baqueira/Beret,Nunca,Después de las 10:00,Frecuentemente,Más de 1 hora,3,"Gestión de colas en remontes, Precio de forfaits", Baqueira Beret,"Sí, mucho","Remontes con menos colas, plazas libres de parkings",Baqueira Beret,Baqueira/Beret,Baqueira/Beret,Baqueira/Beret,1,0,0,0,0,0,0,0,0,0,0,0,0,0,0,0,0,0,0,0,4,4-7 días,2,4,0,2,4,3
46-60 años,Madrid,8-15 días,Baqueira/Beret,A veces,Entre las 9:00 y las 10:00,A veces,10-30 min,3,"Gestión de colas en remontes, Precio de forfaits",Baqueira ,"Sí, algo",,Baqueira,Baqueira/Beret,Baqueira/Beret,Baqueira/Beret,1,0,0,0,0,0,0,0,0,0,0,0,0,0,0,0,0,0,0,0,4,8-15 días,3,3,1,1,2,2
46-60 años,Madrid,4-7 días,"Baqueira/Beret, Andorra",Frecuentemente,Entre las 8:00 y las 9:00,Frecuentemente,10-30 min,1,"Gestión de colas en remontes, Control de acceso y parking, Información sobre afluencia, Precio de forfaits",n/d,"Sí, mucho",toda información e imágenes/videos,n/d,No lo sé,"Baqueira/Beret, Andorra","Baqueira/Beret, Extranjero",1,0,0,0,0,0,0,0,0,0,0,0,0,0,0,0,0,0,0,1,4,4-7 días,2,2,2,2,2,3
46-60 años,Madrid,8-15 días,"Baqueira/Beret, Port du Soleil",Nunca,Después de las 10:00,A veces,10-30 min,3,Precio de forfaits,Port du Soleil,"Sí, mucho",Alternativas con menores tiempos de espera,Port du Soleil,Extranjero,"Baqueira/Beret, Port du Soleil","Baqueira/Beret, Extranjero",1,0,0,0,0,0,0,0,0,0,0,0,0,0,0,0,0,0,0,1,4,8-15 días,3,4,0,1,2,3
46-60 años,Madrid,8-15 días,Baqueira/Beret,Frecuentemente,Entre las 9:00 y las 10:00,A veces,30-60 min,1,Información sobre afluencia,Baqueira ,"Sí, algo",No se,Baqueira,Baqueira/Beret,Baqueira/Beret,Baqueira/Beret,1,0,0,0,0,0,0,0,0,0,0,0,0,0,0,0,0,0,0,0,4,8-15 días,3,3,2,1,3,2
46-60 años,Madrid,4-7 días,Aosta,Nunca,Después de las 10:00,A veces,10-30 min,5,"Control de acceso y parking, Precio de forfaits","Yo voy a Italia porque en España es caro , se aparca mal y hay colas","Sí, mucho",Parking y estado cola remontes actualizado,"Yo voy a Italia porque en España es caro , se aparca mal y hay colas",Extranjero,Aosta,Extranjero,0,0,0,0,0,0,0,0,0,0,0,0,0,0,0,0,0,0,0,1,4,4-7 días,2,4,0,1,2,3
46-60 años,Madrid,8-15 días,Sierra Nevada,Nunca,Entre las 8:00 y las 9:00,A veces,10-30 min,3,"Gestión de colas en remontes, Precio de forfaits, Comunicación del estado de pistas",Baqueira,"Sí, mucho",,Baqueira,Baqueira/Beret,Sierra Nevada,Sierra Nevada,0,0,0,1,0,0,0,0,0,0,0,0,0,0,0,0,0,0,0,0,4,8-15 días,3,2,0,1,2,3
18-30 años,Madrid,4-7 días,Baqueira/Beret,A veces,Antes de las 8:00,Frecuentemente,10-30 min,2,"Gestión de colas en remontes, Control de acceso y parking, Precio de forfaits",Baqueira ,"Sí, mucho",La ocupación del parquinkg y el tiempo de espera en las colas,Baqueira,Baqueira/Beret,Baqueira/Beret,Baqueira/Beret,1,0,0,0,0,0,0,0,0,0,0,0,0,0,0,0,0,0,0,0,2,4-7 días,2,1,1,2,2,3
46-60 años,Madrid,8-15 días,"Baqueira/Beret, Formigal/Panticosa, Cerler",A veces,Entre las 8:00 y las 9:00,Siempre,30-60 min,2,"Gestión de colas en remontes, Control de acceso y parking, Información sobre afluencia, Precio de forfaits, Comunicación del estado de pistas",Baqueira,"Sí, mucho",,Baqueira,Baqueira/Beret,"Baqueira/Beret, Formigal/Panticosa, Cerler","Baqueira/Beret, Formigal/Panticosa, Cerler",1,1,0,0,0,0,1,0,0,0,0,0,0,0,0,0,0,0,0,0,4,8-15 días,3,2,1,3,3,3
